relative_path_a,relative_path_b,mae_0,mae_90,mae_180,mae_270,best_rotation_b,lowest_mae,cross_split
Training/notumor/Tr-no_224.jpg,Training/notumor/Tr-no_82.jpg,0.30232098765432097,20.746765432098766,14.837827160493827,20.746646913580246,0,0.30232098765432097,False
Testing/notumor/Te-no_271.jpg,Training/notumor/Tr-no_611.jpg,0.9707456790123457,36.24402962962963,25.741708641975308,36.24971851851852,0,0.9707456790123457,True
Training/notumor/Tr-no_1060.jpg,Training/notumor/Tr-no_203.jpg,1.3681975308641976,20.807367901234567,14.951565432098766,20.810923456790125,0,1.3681975308641976,False
Training/notumor/Tr-no_1257.jpg,Training/notumor/Tr-no_82.jpg,1.5280987654320988,20.76562962962963,14.88726913580247,20.768,0,1.5280987654320988,False
Training/notumor/Tr-no_21.jpg,Training/notumor/Tr-no_82.jpg,1.5390814814814815,20.76223209876543,14.884938271604938,20.755437037037037,0,1.5390814814814815,False
Training/notumor/Tr-no_1257.jpg,Training/notumor/Tr-no_224.jpg,1.5462913580246913,20.758577777777777,14.879387654320988,20.762054320987655,0,1.5462913580246913,False
Training/notumor/Tr-no_21.jpg,Training/notumor/Tr-no_224.jpg,1.556879012345679,20.757945679012344,14.877135802469136,20.75043950617284,0,1.556879012345679,False
Testing/notumor/Te-no_275.jpg,Training/notumor/Tr-no_1060.jpg,14.942360493827161,20.801876543209875,2.1148641975308644,20.810765432098766,180,2.1148641975308644,True
Training/notumor/Tr-no_203.jpg,Training/notumor/Tr-no_709.jpg,14.970232098765432,20.81983209876543,2.1256296296296298,20.795061728395062,180,2.1256296296296298,False
Testing/notumor/Te-no_209.jpg,Training/notumor/Tr-no_21.jpg,14.937975308641976,20.79460740740741,2.139279012345679,20.785086419753085,180,2.139279012345679,True
Training/notumor/Tr-no_1124.jpg,Training/notumor/Tr-no_1257.jpg,14.944829629629629,20.822874074074075,2.141274074074074,20.79920987654321,180,2.141274074074074,False
Training/notumor/Tr-no_1257.jpg,Training/notumor/Tr-no_21.jpg,2.1419061728395064,20.770646913580247,14.924246913580246,20.78317037037037,0,2.1419061728395064,False
Training/notumor/Tr-no_1124.jpg,Training/notumor/Tr-no_249.jpg,14.978824691358025,20.816217283950618,2.1673283950617286,20.81692839506173,180,2.1673283950617286,False
Testing/notumor/Te-no_209.jpg,Training/notumor/Tr-no_82.jpg,14.909570370370371,20.78812839506173,2.1903604938271606,20.77268148148148,180,2.1903604938271606,True
Training/notumor/Tr-no_1124.jpg,Training/notumor/Tr-no_82.jpg,14.90800987654321,20.804464197530866,2.195358024691358,20.78881975308642,180,2.195358024691358,False
Training/notumor/Tr-no_1060.jpg,Training/notumor/Tr-no_709.jpg,14.944059259259259,20.81112098765432,2.2023703703703705,20.788997530864197,180,2.2023703703703705,False
Testing/notumor/Te-no_209.jpg,Training/notumor/Tr-no_224.jpg,14.901451851851851,20.780286419753086,2.207683950617284,20.767407407407408,180,2.207683950617284,True
Training/notumor/Tr-no_1124.jpg,Training/notumor/Tr-no_224.jpg,14.899496296296297,20.797293827160495,2.217659259259259,20.782992592592592,180,2.217659259259259,False
Training/notumor/Tr-no_1062.jpg,Training/notumor/Tr-no_82.jpg,2.2382419753086418,20.692404938271604,14.819733333333334,20.700938271604937,0,2.2382419753086418,False
Training/notumor/Tr-no_1062.jpg,Training/notumor/Tr-no_224.jpg,2.2706172839506173,20.682864197530865,14.810271604938272,20.69191111111111,0,2.2706172839506173,False
Testing/notumor/Te-no_275.jpg,Training/notumor/Tr-no_709.jpg,2.3203555555555555,20.796602469135802,14.974854320987655,20.80983703703704,0,2.3203555555555555,True
Training/notumor/Tr-no_1257.jpg,Training/notumor/Tr-no_249.jpg,2.3474765432098765,20.80811851851852,14.961995061728395,20.798716049382715,0,2.3474765432098765,False
Testing/notumor/Te-no_209.jpg,Training/notumor/Tr-no_1124.jpg,2.40321975308642,20.817797530864198,14.976612345679012,20.820997530864197,0,2.40321975308642,True
Training/notumor/Tr-no_1060.jpg,Training/notumor/Tr-no_339.jpg,2.408928395061728,20.815407407407406,14.96801975308642,20.816355555555557,0,2.408928395061728,False
Testing/notumor/Te-no_275.jpg,Training/notumor/Tr-no_203.jpg,14.962014814814815,20.814617283950618,2.4182123456790126,20.81524938271605,180,2.4182123456790126,True
Training/notumor/Tr-no_249.jpg,Training/notumor/Tr-no_82.jpg,2.473777777777778,20.778804938271605,14.936632098765433,20.790696296296296,0,2.473777777777778,False
Training/notumor/Tr-no_224.jpg,Training/notumor/Tr-no_249.jpg,2.481382716049383,20.784,14.927407407407408,20.772424691358026,0,2.481382716049383,False
Testing/notumor/Te-no_209.jpg,Training/notumor/Tr-no_1257.jpg,14.94962962962963,20.80495802469136,2.563535802469136,20.792513580246915,180,2.563535802469136,True
Training/notumor/Tr-no_1124.jpg,Training/notumor/Tr-no_21.jpg,14.934913580246914,20.806874074074074,2.569204938271605,20.78881975308642,180,2.569204938271605,False
Training/notumor/Tr-no_203.jpg,Training/notumor/Tr-no_339.jpg,2.607111111111111,20.82143209876543,14.977165432098765,20.820681481481483,0,2.607111111111111,False
Training/notumor/Tr-no_1060.jpg,Training/notumor/Tr-no_322.jpg,14.865777777777778,20.739950617283952,2.62000987654321,20.729165432098764,180,2.62000987654321,False
Training/notumor/Tr-no_21.jpg,Training/notumor/Tr-no_249.jpg,2.66960987654321,20.79998024691358,14.960375308641975,20.776276543209878,0,2.66960987654321,False
Training/notumor/Tr-no_1102.jpg,Training/notumor/Tr-no_267.jpg,25.84025679012346,36.443476543209876,2.6727703703703702,36.45173333333334,180,2.6727703703703702,False
Training/notumor/Tr-no_1062.jpg,Training/notumor/Tr-no_1257.jpg,2.684227160493827,20.714646913580246,14.859120987654322,20.725906172839505,0,2.684227160493827,False
Testing/notumor/Te-no_113.jpg,Training/notumor/Tr-no_1252.jpg,26.1023012345679,36.65507160493827,2.7067061728395063,36.62066172839506,180,2.7067061728395063,True
Training/notumor/Tr-no_1062.jpg,Training/notumor/Tr-no_21.jpg,2.706864197530864,20.70544197530864,14.863782716049382,20.717886419753086,0,2.706864197530864,False
Testing/notumor/Te-no_388.jpg,Training/notumor/Tr-no_1138.jpg,26.11919012345679,36.63213827160494,2.7316148148148147,36.60807901234568,180,2.7316148148148147,True
Training/notumor/Tr-no_241.jpg,Training/notumor/Tr-no_46.jpg,26.27099259259259,36.72223209876543,2.740404938271605,36.76798024691358,180,2.740404938271605,False
Testing/notumor/Te-no_189.jpg,Training/notumor/Tr-no_1027.jpg,26.117037037037036,36.6530962962963,2.846637037037037,36.666567901234565,180,2.846637037037037,True
Testing/notumor/Te-no_275.jpg,Training/notumor/Tr-no_339.jpg,14.97519012345679,20.81191111111111,2.881520987654321,20.834627160493827,180,2.881520987654321,True
Testing/notumor/Te-no_260.jpg,Testing/notumor/Te-no_351.jpg,26.15117037037037,36.62398024691358,2.9065283950617284,36.64634074074074,180,2.9065283950617284,False
Training/notumor/Tr-no_1062.jpg,Training/notumor/Tr-no_1124.jpg,14.887446913580247,20.744632098765432,2.910004938271605,20.749412345679012,180,2.910004938271605,False
Testing/notumor/Te-no_209.jpg,Training/notumor/Tr-no_1062.jpg,14.895644444444445,20.72256790123457,2.9132246913580246,20.735407407407408,180,2.9132246913580246,True
Training/notumor/Tr-no_203.jpg,Training/notumor/Tr-no_322.jpg,14.90234074074074,20.749293827160493,2.9215407407407405,20.74218271604938,180,2.9215407407407405,False
Testing/notumor/Te-no_140.jpg,Testing/notumor/Te-no_334.jpg,26.28618271604938,36.79288888888889,2.9321876543209875,36.75843950617284,180,2.9321876543209875,False
Testing/notumor/Te-no_209.jpg,Training/notumor/Tr-no_249.jpg,14.986153086419753,20.80825679012346,2.989353086419753,20.796207407407408,180,2.989353086419753,True
Testing/notumor/Te-no_275.jpg,Training/notumor/Tr-no_322.jpg,2.990083950617284,20.732187654320988,14.900681481481481,20.737995061728395,0,2.990083950617284,True
Training/notumor/Tr-no_339.jpg,Training/notumor/Tr-no_709.jpg,14.981037037037037,20.8176,3.0072296296296295,20.79358024691358,180,3.0072296296296295,False
Training/notumor/Tr-no_322.jpg,Training/notumor/Tr-no_339.jpg,14.912316049382715,20.737975308641975,3.1049876543209876,20.754962962962964,180,3.1049876543209876,False
Training/notumor/Tr-no_322.jpg,Training/notumor/Tr-no_709.jpg,3.1050469135802468,20.721837037037037,14.899101234567901,20.73056790123457,0,3.1050469135802468,False
Training/notumor/Tr-no_1027.jpg,Training/notumor/Tr-no_1102.jpg,3.2013432098765433,36.580582716049385,25.98964938271605,36.584177777777775,0,3.2013432098765433,False
Training/notumor/Tr-no_1062.jpg,Training/notumor/Tr-no_249.jpg,3.208730864197531,20.734222222222222,14.910222222222222,20.737106172839507,0,3.208730864197531,False
Testing/notumor/Te-no_260.jpg,Training/notumor/Tr-no_267.jpg,3.3182814814814816,36.55498271604938,25.985540740740742,36.54194567901234,0,3.3182814814814816,True
Training/notumor/Tr-no_1027.jpg,Training/notumor/Tr-no_46.jpg,3.4446617283950616,36.72521481481481,26.201165432098765,36.71905185185185,0,3.4446617283950616,False
Testing/notumor/Te-no_113.jpg,Testing/notumor/Te-no_334.jpg,3.5443555555555557,36.71286913580247,26.20730864197531,36.73349135802469,0,3.5443555555555557,False
Training/notumor/Tr-no_1062.jpg,Training/notumor/Tr-no_251.jpg,3.648217283950617,21.869530864197532,16.31105185185185,21.88549135802469,0,3.648217283950617,False
Training/notumor/Tr-no_1027.jpg,Training/notumor/Tr-no_267.jpg,25.97927901234568,36.57281975308642,3.6809679012345677,36.568987654320985,180,3.6809679012345677,False
Testing/notumor/Te-no_334.jpg,Training/notumor/Tr-no_1252.jpg,26.17189135802469,36.721817283950614,3.7016493827160493,36.72505679012345,180,3.7016493827160493,True
Testing/notumor/Te-no_260.jpg,Training/notumor/Tr-no_1102.jpg,25.971654320987653,36.55847901234568,3.70960987654321,36.57080493827161,180,3.70960987654321,True
Training/notumor/Tr-no_1027.jpg,Training/notumor/Tr-no_241.jpg,26.189372839506174,36.74155061728395,3.717274074074074,36.70445432098765,180,3.717274074074074,False
Testing/notumor/Te-no_113.jpg,Training/notumor/Tr-no_1071.jpg,3.90317037037037,36.54648888888889,25.99502222222222,36.550479012345676,0,3.90317037037037,True
Testing/notumor/Te-no_189.jpg,Training/notumor/Tr-no_267.jpg,3.906725925925926,36.53566419753086,25.980286419753085,36.54040493827161,0,3.906725925925926,True
Testing/notumor/Te-no_189.jpg,Training/notumor/Tr-no_241.jpg,4.031841975308642,36.67425185185185,26.201244444444445,36.69285925925926,0,4.031841975308642,True
Testing/notumor/Te-no_189.jpg,Training/notumor/Tr-no_1102.jpg,25.996503703703702,36.550103703703705,4.066350617283951,36.54516543209876,180,4.066350617283951,True
Training/notumor/Tr-no_1071.jpg,Training/notumor/Tr-no_1138.jpg,4.079130864197531,36.52207407407408,25.979496296296297,36.53756049382716,0,4.079130864197531,False
Training/notumor/Tr-no_1071.jpg,Training/notumor/Tr-no_1252.jpg,25.980503703703704,36.56811851851852,4.094044444444444,36.543822222222225,180,4.094044444444444,False
Testing/notumor/Te-no_351.jpg,Training/notumor/Tr-no_1102.jpg,4.121204938271605,36.53305679012346,25.98238024691358,36.538074074074075,0,4.121204938271605,True
Testing/notumor/Te-no_140.jpg,Training/notumor/Tr-no_1252.jpg,4.121797530864198,36.69258271604938,26.18639012345679,36.71616790123457,0,4.121797530864198,True
Testing/notumor/Te-no_189.jpg,Training/notumor/Tr-no_46.jpg,26.20387160493827,36.68082962962963,4.187437037037037,36.70465185185185,180,4.187437037037037,True
Testing/notumor/Te-no_351.jpg,Training/notumor/Tr-no_267.jpg,25.982913580246915,36.5216987654321,4.209797530864198,36.5136,180,4.209797530864198,True
Testing/notumor/Te-no_388.jpg,Training/notumor/Tr-no_1071.jpg,25.9759012345679,36.52369382716049,4.211397530864198,36.538113580246915,180,4.211397530864198,True
Testing/notumor/Te-no_260.jpg,Training/notumor/Tr-no_1027.jpg,26.119407407407408,36.672533333333334,4.24077037037037,36.69121975308642,180,4.24077037037037,True
Training/notumor/Tr-no_1102.jpg,Training/notumor/Tr-no_611.jpg,25.8113975308642,36.37254320987655,4.329758024691358,36.36302222222222,180,4.329758024691358,False
Training/notumor/Tr-no_267.jpg,Training/notumor/Tr-no_611.jpg,4.343130864197531,36.348464197530866,25.82951111111111,36.36485925925926,0,4.343130864197531,False
Testing/notumor/Te-no_113.jpg,Testing/notumor/Te-no_140.jpg,26.208454320987656,36.696592592592594,4.345027160493827,36.69682962962963,180,4.345027160493827,False
Testing/notumor/Te-no_271.jpg,Training/notumor/Tr-no_1102.jpg,25.831466666666667,36.39008395061728,4.3554765432098765,36.397748148148146,180,4.3554765432098765,True
Testing/notumor/Te-no_271.jpg,Training/notumor/Tr-no_267.jpg,4.367664197530864,36.38757530864198,25.84464197530864,36.37477530864197,0,4.367664197530864,True
Testing/notumor/Te-no_334.jpg,Training/notumor/Tr-no_1071.jpg,4.418034567901235,36.6461037037037,26.073224691358025,36.622874074074076,0,4.418034567901235,True
Training/notumor/Tr-no_1102.jpg,Training/notumor/Tr-no_46.jpg,4.464118518518519,36.620562962962964,26.060404938271606,36.60803950617284,0,4.464118518518519,False
Testing/notumor/Te-no_388.jpg,Training/notumor/Tr-no_1252.jpg,4.561402469135802,36.62382222222222,26.10313086419753,36.63168395061729,0,4.561402469135802,True
Training/notumor/Tr-no_241.jpg,Training/notumor/Tr-no_267.jpg,4.567545679012346,36.611555555555555,26.054044444444443,36.58951111111111,0,4.567545679012346,False
Training/notumor/Tr-no_267.jpg,Training/notumor/Tr-no_46.jpg,26.0432,36.599407407407405,4.58716049382716,36.6156049382716,180,4.58716049382716,False
Testing/notumor/Te-no_189.jpg,Testing/notumor/Te-no_260.jpg,4.587772839506173,36.6396049382716,26.127446913580247,36.65441975308642,0,4.587772839506173,False
Training/notumor/Tr-no_1102.jpg,Training/notumor/Tr-no_241.jpg,26.047901234567902,36.625995061728396,4.590083950617284,36.60027654320988,180,4.590083950617284,False
Testing/notumor/Te-no_113.jpg,Training/notumor/Tr-no_1138.jpg,4.591130864197531,36.617955555555554,26.10947160493827,36.63913086419753,0,4.591130864197531,True
Testing/notumor/Te-no_351.jpg,Training/notumor/Tr-no_1027.jpg,4.628385185185185,36.64612345679012,26.130765432098766,36.65355061728395,0,4.628385185185185,True
Training/notumor/Tr-no_1138.jpg,Training/notumor/Tr-no_1252.jpg,26.09519012345679,36.64412839506173,4.630182716049383,36.626232098765435,180,4.630182716049383,False
Testing/notumor/Te-no_113.jpg,Testing/notumor/Te-no_388.jpg,26.09615802469136,36.64051358024691,4.656276543209876,36.62072098765432,180,4.656276543209876,False
Testing/notumor/Te-no_334.jpg,Training/notumor/Tr-no_1138.jpg,4.689362962962963,36.70512592592593,26.190044444444446,36.70394074074074,0,4.689362962962963,True
Testing/notumor/Te-no_260.jpg,Training/notumor/Tr-no_241.jpg,4.703565432098766,36.69562469135803,26.201402469135804,36.7075950617284,0,4.703565432098766,True
Training/notumor/Tr-no_251.jpg,Training/notumor/Tr-no_82.jpg,4.772859259259259,21.975506172839506,16.37515061728395,21.957135802469136,0,4.772859259259259,False
Training/notumor/Tr-no_224.jpg,Training/notumor/Tr-no_251.jpg,4.793935802469136,21.947713580246912,16.364582716049384,21.966834567901234,0,4.793935802469136,False
Testing/notumor/Te-no_260.jpg,Training/notumor/Tr-no_46.jpg,26.192967901234567,36.69434074074074,4.817955555555556,36.72203456790123,180,4.817955555555556,True
Testing/notumor/Te-no_334.jpg,Testing/notumor/Te-no_388.jpg,26.174676543209877,36.70718024691358,4.823683950617284,36.70196543209877,180,4.823683950617284,False
Training/notumor/Tr-no_1027.jpg,Training/notumor/Tr-no_611.jpg,25.96156049382716,36.50303209876543,4.84641975308642,36.48545185185185,180,4.84641975308642,False
Testing/notumor/Te-no_271.jpg,Training/notumor/Tr-no_1027.jpg,25.9759012345679,36.50891851851852,4.863604938271605,36.53080493827161,180,4.863604938271605,True
Testing/notumor/Te-no_260.jpg,Training/notumor/Tr-no_611.jpg,4.89680987654321,36.47531851851852,25.98137283950617,36.47318518518519,0,4.89680987654321,True
Testing/notumor/Te-no_260.jpg,Testing/notumor/Te-no_271.jpg,4.913560493827161,36.50056296296296,25.99978271604938,36.49353086419753,0,4.913560493827161,False
Testing/notumor/Te-no_140.jpg,Training/notumor/Tr-no_1071.jpg,26.078241975308643,36.62477037037037,5.02484938271605,36.61224691358025,180,5.02484938271605,True
Testing/notumor/Te-no_189.jpg,Testing/notumor/Te-no_351.jpg,26.134972839506172,36.60553086419753,5.100345679012346,36.62014814814815,180,5.100345679012346,False
Testing/notumor/Te-no_351.jpg,Training/notumor/Tr-no_46.jpg,5.111427160493827,36.65501234567901,26.18307160493827,36.67196049382716,0,5.111427160493827,True
Training/notumor/Tr-no_21.jpg,Training/notumor/Tr-no_251.jpg,5.118024691358024,21.9776,16.409718518518517,21.98328888888889,0,5.118024691358024,False
Training/notumor/Tr-no_1257.jpg,Training/notumor/Tr-no_251.jpg,5.128217283950617,21.9744,16.404938271604937,22.00011851851852,0,5.128217283950617,False
Testing/notumor/Te-no_140.jpg,Testing/notumor/Te-no_388.jpg,5.132227160493827,36.6764049382716,26.188543209876542,36.69888395061729,0,5.132227160493827,False
Testing/notumor/Te-no_140.jpg,Training/notumor/Tr-no_1138.jpg,26.198735802469137,36.69793580246914,5.242725925925926,36.68256790123457,180,5.242725925925926,True
Testing/notumor/Te-no_351.jpg,Training/notumor/Tr-no_241.jpg,26.19363950617284,36.6879012345679,5.2590814814814815,36.644681481481484,180,5.2590814814814815,True
Testing/notumor/Te-no_189.jpg,Training/notumor/Tr-no_611.jpg,5.262558024691358,36.446716049382715,25.957945679012347,36.47488395061728,0,5.262558024691358,True
Testing/notumor/Te-no_189.jpg,Testing/notumor/Te-no_271.jpg,5.295466666666667,36.467654320987656,25.974972839506172,36.49921975308642,0,5.295466666666667,False
Training/notumor/Tr-no_1124.jpg,Training/notumor/Tr-no_251.jpg,16.455506172839506,22.025204938271607,5.333175308641975,21.99363950617284,180,5.333175308641975,False
Testing/notumor/Te-no_209.jpg,Training/notumor/Tr-no_251.jpg,16.441777777777776,21.99120987654321,5.334617283950617,21.98504691358025,180,5.334617283950617,True
Testing/notumor/Te-no_351.jpg,Training/notumor/Tr-no_611.jpg,25.994706172839507,36.45222716049383,5.336335802469136,36.44827654320988,180,5.336335802469136,True
Testing/notumor/Te-no_271.jpg,Testing/notumor/Te-no_351.jpg,26.01204938271605,36.474153086419754,5.35600987654321,36.47521975308642,180,5.35600987654321,False
Training/notumor/Tr-no_46.jpg,Training/notumor/Tr-no_611.jpg,26.03041975308642,36.53013333333333,5.541135802469136,36.52760493827161,180,5.541135802469136,False
Training/notumor/Tr-no_249.jpg,Training/notumor/Tr-no_251.jpg,5.545145679012346,21.997925925925927,16.47263209876543,22.017283950617283,0,5.545145679012346,False
Testing/notumor/Te-no_271.jpg,Training/notumor/Tr-no_46.jpg,26.049935802469136,36.54854320987654,5.550301234567901,36.55541728395062,180,5.550301234567901,True
Training/notumor/Tr-no_241.jpg,Training/notumor/Tr-no_611.jpg,5.574103703703703,36.526083950617284,26.041422222222224,36.519683950617285,0,5.574103703703703,False
Testing/notumor/Te-no_271.jpg,Training/notumor/Tr-no_241.jpg,5.597135802469136,36.54563950617284,26.061491358024693,36.54852345679012,0,5.597135802469136,True
Training/notumor/Tr-no_1062.jpg,Training/notumor/Tr-no_322.jpg,8.922785185185186,20.46482962962963,13.778054320987655,20.773333333333333,0,8.922785185185186,False
Training/notumor/Tr-no_322.jpg,Training/notumor/Tr-no_82.jpg,9.124286419753087,20.84632098765432,13.859891358024692,20.559703703703704,0,9.124286419753087,False
Training/notumor/Tr-no_224.jpg,Training/notumor/Tr-no_322.jpg,9.1296,20.55348148148148,13.85844938271605,20.83836049382716,0,9.1296,False
Training/notumor/Tr-no_1060.jpg,Training/notumor/Tr-no_1062.jpg,13.902656790123457,20.585086419753086,9.210192592592593,20.877076543209878,180,9.210192592592593,False
Training/notumor/Tr-no_1257.jpg,Training/notumor/Tr-no_322.jpg,9.242567901234567,20.575664197530863,13.912316049382715,20.86800987654321,0,9.242567901234567,False
Training/notumor/Tr-no_1060.jpg,Training/notumor/Tr-no_82.jpg,13.930251851851851,20.632276543209876,9.255881481481481,20.915456790123457,180,9.255881481481481,False
Training/notumor/Tr-no_1060.jpg,Training/notumor/Tr-no_224.jpg,13.929046913580247,20.627713580246912,9.261432098765432,20.907733333333333,180,9.261432098765432,False
Training/notumor/Tr-no_21.jpg,Training/notumor/Tr-no_322.jpg,9.263506172839506,20.57511111111111,13.915358024691358,20.875516049382718,0,9.263506172839506,False
Testing/notumor/Te-no_209.jpg,Training/notumor/Tr-no_322.jpg,13.957135802469136,20.90078024691358,9.322192592592593,20.597333333333335,180,9.322192592592593,True
Training/notumor/Tr-no_1124.jpg,Training/notumor/Tr-no_322.jpg,13.929935802469135,20.89519012345679,9.333906172839507,20.602844444444443,180,9.333906172839507,False
Training/notumor/Tr-no_1062.jpg,Training/notumor/Tr-no_203.jpg,13.937837037037037,20.885234567901236,9.334696296296297,20.596997530864197,180,9.334696296296297,False
Testing/notumor/Te-no_275.jpg,Training/notumor/Tr-no_1062.jpg,9.336197530864197,20.889264197530863,13.938627160493827,20.578903703703705,0,9.336197530864197,True
Training/notumor/Tr-no_1060.jpg,Training/notumor/Tr-no_1257.jpg,13.978172839506172,20.63757037037037,9.357293827160493,20.931456790123455,180,9.357293827160493,False
Training/notumor/Tr-no_1062.jpg,Training/notumor/Tr-no_339.jpg,13.969027160493827,20.905283950617285,9.371693827160493,20.598834567901235,180,9.371693827160493,False
Training/notumor/Tr-no_203.jpg,Training/notumor/Tr-no_82.jpg,13.965037037037037,20.64138271604938,9.37438024691358,20.923061728395062,180,9.37438024691358,False
Testing/notumor/Te-no_275.jpg,Training/notumor/Tr-no_82.jpg,9.374617283950617,20.927446913580248,13.965787654320987,20.629254320987656,0,9.374617283950617,True
Training/notumor/Tr-no_203.jpg,Training/notumor/Tr-no_224.jpg,13.96399012345679,20.637254320987655,9.377125925925926,20.91442962962963,180,9.377125925925926,False
Training/notumor/Tr-no_1060.jpg,Training/notumor/Tr-no_21.jpg,13.96557037037037,20.641165432098767,9.378745679012345,20.938014814814814,180,9.378745679012345,False
Testing/notumor/Te-no_275.jpg,Training/notumor/Tr-no_224.jpg,9.384276543209877,20.91940740740741,13.96402962962963,20.62718024691358,0,9.384276543209877,True
Testing/notumor/Te-no_209.jpg,Training/notumor/Tr-no_1060.jpg,9.38639012345679,20.654972839506172,14.014538271604938,20.96402962962963,0,9.38639012345679,True
Training/notumor/Tr-no_1062.jpg,Training/notumor/Tr-no_709.jpg,9.38957037037037,20.5888987654321,13.917965432098766,20.882864197530864,0,9.38957037037037,False
Training/notumor/Tr-no_1060.jpg,Training/notumor/Tr-no_1124.jpg,9.389807407407407,20.961402469135802,14.008750617283951,20.660602469135803,0,9.389807407407407,False
Training/notumor/Tr-no_709.jpg,Training/notumor/Tr-no_82.jpg,9.404325925925926,20.91196049382716,13.95602962962963,20.62791111111111,0,9.404325925925926,False
Training/notumor/Tr-no_224.jpg,Training/notumor/Tr-no_709.jpg,9.41200987654321,20.622123456790124,13.954034567901235,20.904948148148147,0,9.41200987654321,False
Training/notumor/Tr-no_339.jpg,Training/notumor/Tr-no_82.jpg,13.990261728395062,20.646933333333333,9.413748148148148,20.93426172839506,180,9.413748148148148,False
Training/notumor/Tr-no_224.jpg,Training/notumor/Tr-no_339.jpg,13.987911111111112,20.92562962962963,9.418706172839507,20.64154074074074,180,9.418706172839507,False
Training/notumor/Tr-no_249.jpg,Training/notumor/Tr-no_322.jpg,9.447624691358024,20.614795061728394,13.947101234567901,20.89114074074074,0,9.447624691358024,False
Testing/notumor/Te-no_275.jpg,Training/notumor/Tr-no_1257.jpg,9.462241975308642,20.9342024691358,14.008059259259259,20.632256790123456,0,9.462241975308642,True
Training/notumor/Tr-no_1124.jpg,Training/notumor/Tr-no_203.jpg,9.467812345679013,20.658765432098765,14.028128395061728,20.96233086419753,0,9.467812345679013,False
Training/notumor/Tr-no_1257.jpg,Training/notumor/Tr-no_203.jpg,14.008414814814815,20.93424197530864,9.471802469135802,20.642014814814814,180,9.471802469135802,False
Testing/notumor/Te-no_275.jpg,Training/notumor/Tr-no_21.jpg,9.476661728395062,20.94064197530864,13.99751111111111,20.645333333333333,0,9.476661728395062,True
Training/notumor/Tr-no_203.jpg,Training/notumor/Tr-no_21.jpg,13.98561975308642,20.650548148148147,9.47994074074074,20.9455012345679,180,9.47994074074074,False
Testing/notumor/Te-no_209.jpg,Training/notumor/Tr-no_203.jpg,9.480908641975308,20.66155061728395,14.036483950617283,20.974202469135804,0,9.480908641975308,True
Training/notumor/Tr-no_1257.jpg,Training/notumor/Tr-no_709.jpg,9.485945679012346,20.629096296296296,14.005017283950616,20.925787654320988,0,9.485945679012346,False
Training/notumor/Tr-no_1257.jpg,Training/notumor/Tr-no_339.jpg,14.023644444444445,20.95464691358025,9.503901234567902,20.657441975308643,180,9.503901234567902,False
Training/notumor/Tr-no_21.jpg,Training/notumor/Tr-no_709.jpg,9.507397530864198,20.64474074074074,13.983012345679013,20.93033086419753,0,9.507397530864198,False
Training/notumor/Tr-no_21.jpg,Training/notumor/Tr-no_339.jpg,14.015506172839507,20.95452839506173,9.515595061728394,20.648632098765432,180,9.515595061728394,False
Testing/notumor/Te-no_209.jpg,Training/notumor/Tr-no_339.jpg,9.523792592592592,20.65208888888889,14.045827160493827,20.9792,0,9.523792592592592,True
Training/notumor/Tr-no_1060.jpg,Training/notumor/Tr-no_249.jpg,14.012286419753087,20.66808888888889,9.530548148148148,20.955061728395062,180,9.530548148148148,False
Training/notumor/Tr-no_1124.jpg,Training/notumor/Tr-no_339.jpg,9.53349135802469,20.670597530864196,14.043792592592592,20.985896296296296,0,9.53349135802469,False
Testing/notumor/Te-no_275.jpg,Training/notumor/Tr-no_1124.jpg,14.023269135802469,20.653906172839505,9.539041975308642,20.965175308641975,180,9.539041975308642,True
Testing/notumor/Te-no_209.jpg,Testing/notumor/Te-no_275.jpg,14.02968888888889,20.97297777777778,9.540681481481482,20.659140740740742,180,9.540681481481482,False
Training/notumor/Tr-no_1124.jpg,Training/notumor/Tr-no_709.jpg,14.008098765432099,20.965688888888888,9.552237037037036,20.64481975308642,180,9.552237037037036,False
Testing/notumor/Te-no_209.jpg,Training/notumor/Tr-no_709.jpg,14.003930864197532,20.964365432098766,9.569916049382716,20.65756049382716,180,9.569916049382716,True
Testing/notumor/Te-no_275.jpg,Training/notumor/Tr-no_249.jpg,9.607644444444444,20.95843950617284,14.034587654320987,20.6719012345679,0,9.607644444444444,True
Training/notumor/Tr-no_203.jpg,Training/notumor/Tr-no_249.jpg,14.03043950617284,20.667318518518517,9.610923456790124,20.96321975308642,180,9.610923456790124,False
Training/notumor/Tr-no_249.jpg,Training/notumor/Tr-no_709.jpg,9.631585185185186,20.650804938271605,14.019061728395062,20.95294814814815,0,9.631585185185186,False
Training/notumor/Tr-no_249.jpg,Training/notumor/Tr-no_339.jpg,14.036740740740742,20.975446913580246,9.650844444444445,20.685313580246913,180,9.650844444444445,False
Training/notumor/Tr-no_251.jpg,Training/notumor/Tr-no_322.jpg,10.889935802469136,21.75286913580247,15.305738271604937,22.06417777777778,0,10.889935802469136,False
Training/notumor/Tr-no_1060.jpg,Training/notumor/Tr-no_251.jpg,15.414893827160494,21.87348148148148,11.12875061728395,22.15828148148148,180,11.12875061728395,False
Training/notumor/Tr-no_203.jpg,Training/notumor/Tr-no_251.jpg,15.435654320987654,21.88318024691358,11.2272987654321,22.170113580246912,180,11.2272987654321,False
Training/notumor/Tr-no_251.jpg,Training/notumor/Tr-no_339.jpg,15.482923456790123,22.187476543209876,11.237234567901234,21.892562962962963,180,11.237234567901234,False
Testing/notumor/Te-no_275.jpg,Training/notumor/Tr-no_251.jpg,11.241362962962963,22.173985185185185,15.443713580246914,21.86891851851852,0,11.241362962962963,True
Training/notumor/Tr-no_251.jpg,Training/notumor/Tr-no_709.jpg,11.267911111111111,21.87279012345679,15.429530864197531,22.166162962962964,0,11.267911111111111,False
Training/notumor/Tr-no_1071.jpg,Training/notumor/Tr-no_611.jpg,24.150222222222222,36.67261234567901,16.011634567901236,36.09854814814815,180,16.011634567901236,False
Testing/notumor/Te-no_271.jpg,Training/notumor/Tr-no_1071.jpg,24.17033086419753,36.1296,16.03695802469136,36.696316049382716,180,16.03695802469136,True
Training/notumor/Tr-no_1071.jpg,Training/notumor/Tr-no_1102.jpg,16.091674074074074,36.14299259259259,24.178864197530864,36.730646913580244,0,16.091674074074074,False
Training/notumor/Tr-no_1071.jpg,Training/notumor/Tr-no_267.jpg,24.180424691358024,36.74623209876543,16.135585185185185,36.14281481481481,180,16.135585185185185,False
Training/notumor/Tr-no_1252.jpg,Training/notumor/Tr-no_611.jpg,16.229965432098766,36.218034567901235,24.26789135802469,36.74650864197531,0,16.229965432098766,False
Testing/notumor/Te-no_271.jpg,Training/notumor/Tr-no_1252.jpg,16.256987654320987,36.77187160493827,24.28626172839506,36.24975802469136,0,16.256987654320987,True
Testing/notumor/Te-no_113.jpg,Training/notumor/Tr-no_611.jpg,24.28391111111111,36.76003950617284,16.262972839506173,36.19521975308642,180,16.262972839506173,True
Testing/notumor/Te-no_388.jpg,Training/notumor/Tr-no_611.jpg,16.270162962962964,36.16531358024692,24.283002469135802,36.74941234567901,0,16.270162962962964,True
Testing/notumor/Te-no_113.jpg,Testing/notumor/Te-no_271.jpg,24.301135802469137,36.78247901234568,16.287269135802468,36.22883950617284,180,16.287269135802468,False
Testing/notumor/Te-no_271.jpg,Testing/notumor/Te-no_388.jpg,16.289995061728394,36.770627160493824,24.303782716049383,36.19431111111111,0,16.289995061728394,False
Training/notumor/Tr-no_1138.jpg,Training/notumor/Tr-no_611.jpg,24.292286419753086,36.74921481481481,16.297856790123458,36.16744691358025,180,16.297856790123458,False
Training/notumor/Tr-no_1102.jpg,Training/notumor/Tr-no_1252.jpg,24.283535802469135,36.297362962962964,16.309846913580248,36.83302716049383,180,16.309846913580248,False
Training/notumor/Tr-no_1252.jpg,Training/notumor/Tr-no_267.jpg,16.316148148148148,36.272612345679015,24.30939259259259,36.831032098765434,0,16.316148148148148,False
Testing/notumor/Te-no_271.jpg,Training/notumor/Tr-no_1138.jpg,24.31508148148148,36.19932839506173,16.317333333333334,36.772681481481484,180,16.317333333333334,True
Testing/notumor/Te-no_388.jpg,Training/notumor/Tr-no_267.jpg,16.3183012345679,36.22526419753086,24.292266666666666,36.81050864197531,0,16.3183012345679,True
Training/notumor/Tr-no_1027.jpg,Training/notumor/Tr-no_1071.jpg,16.332582716049384,36.86299259259259,24.354903703703705,36.28161975308642,0,16.332582716049384,False
Testing/notumor/Te-no_113.jpg,Training/notumor/Tr-no_1102.jpg,16.337520987654322,36.269846913580245,24.310143209876543,36.83838024691358,0,16.337520987654322,True
Training/notumor/Tr-no_1102.jpg,Training/notumor/Tr-no_1138.jpg,16.34727901234568,36.812464197530865,24.3168987654321,36.233777777777775,0,16.34727901234568,False
Testing/notumor/Te-no_113.jpg,Training/notumor/Tr-no_267.jpg,24.302933333333332,36.840335802469134,16.363417283950618,36.25208888888889,180,16.363417283950618,True
Testing/notumor/Te-no_388.jpg,Training/notumor/Tr-no_1102.jpg,24.298883950617284,36.80748641975308,16.365925925925925,36.220424691358026,180,16.365925925925925,True
Training/notumor/Tr-no_1138.jpg,Training/notumor/Tr-no_267.jpg,24.307239506172838,36.811733333333336,16.390123456790125,36.2260938271605,180,16.390123456790125,False
Testing/notumor/Te-no_260.jpg,Training/notumor/Tr-no_1071.jpg,24.308424691358024,36.23755061728395,16.398933333333332,36.8560987654321,180,16.398933333333332,True
Testing/notumor/Te-no_334.jpg,Training/notumor/Tr-no_611.jpg,24.334696296296297,36.831367901234564,16.42887901234568,36.27764938271605,180,16.42887901234568,True
Testing/notumor/Te-no_271.jpg,Testing/notumor/Te-no_334.jpg,24.354014814814814,36.30822716049383,16.442232098765434,36.85637530864197,180,16.442232098765434,False
Testing/notumor/Te-no_189.jpg,Training/notumor/Tr-no_1071.jpg,24.337896296296297,36.254143209876545,16.45989135802469,36.82737777777778,180,16.45989135802469,True
Testing/notumor/Te-no_334.jpg,Training/notumor/Tr-no_1102.jpg,16.464316049382717,36.34394074074074,24.37368888888889,36.90789135802469,0,16.464316049382717,True
Training/notumor/Tr-no_1027.jpg,Training/notumor/Tr-no_1252.jpg,24.46317037037037,36.419595061728394,16.48,36.94277530864198,180,16.48,False
Testing/notumor/Te-no_351.jpg,Training/notumor/Tr-no_1071.jpg,16.48345679012346,36.81906172839506,24.35182222222222,36.21272098765432,0,16.48345679012346,True
Testing/notumor/Te-no_113.jpg,Training/notumor/Tr-no_1027.jpg,16.483930864197532,36.38354567901234,24.48152098765432,36.93540740740741,0,16.483930864197532,True
Testing/notumor/Te-no_334.jpg,Training/notumor/Tr-no_267.jpg,24.379792592592594,36.909965432098765,16.511308641975308,36.32855308641975,180,16.511308641975308,True
Training/notumor/Tr-no_1071.jpg,Training/notumor/Tr-no_46.jpg,16.546864197530866,36.30883950617284,24.397372839506172,36.87448888888889,0,16.546864197530866,False
Testing/notumor/Te-no_260.jpg,Training/notumor/Tr-no_1252.jpg,16.555792592592592,36.94646913580247,24.45422222222222,36.361382716049384,0,16.555792592592592,True
Testing/notumor/Te-no_140.jpg,Training/notumor/Tr-no_611.jpg,16.557787654320986,36.257501234567904,24.404345679012344,36.824612345679014,0,16.557787654320986,True
Testing/notumor/Te-no_140.jpg,Testing/notumor/Te-no_271.jpg,16.57434074074074,36.291397530864195,24.42488888888889,36.84827654320988,0,16.57434074074074,False
Testing/notumor/Te-no_189.jpg,Training/notumor/Tr-no_1252.jpg,16.57455802469136,36.90305185185185,24.46085925925926,36.38785185185185,0,16.57455802469136,True
Training/notumor/Tr-no_1027.jpg,Training/notumor/Tr-no_1138.jpg,16.578113580246914,36.93896296296296,24.496217283950617,36.354785185185186,0,16.578113580246914,False
Testing/notumor/Te-no_260.jpg,Testing/notumor/Te-no_388.jpg,16.57999012345679,36.900503703703706,24.403279012345678,36.311743209876546,0,16.57999012345679,False
Testing/notumor/Te-no_388.jpg,Training/notumor/Tr-no_1027.jpg,24.484444444444446,36.93544691358025,16.593481481481483,36.35743209876543,180,16.593481481481483,True
Testing/notumor/Te-no_140.jpg,Training/notumor/Tr-no_267.jpg,16.59427160493827,36.30575802469136,24.43940740740741,36.904197530864195,0,16.59427160493827,True
Testing/notumor/Te-no_113.jpg,Testing/notumor/Te-no_260.jpg,24.44626172839506,36.95407407407407,16.603812345679014,36.3405037037037,180,16.603812345679014,False
Training/notumor/Tr-no_1071.jpg,Training/notumor/Tr-no_241.jpg,24.371120987654322,36.89264197530864,16.604602469135802,36.30411851851852,180,16.604602469135802,False
Testing/notumor/Te-no_113.jpg,Testing/notumor/Te-no_189.jpg,24.46783209876543,36.90595555555556,16.610765432098766,36.35587160493827,180,16.610765432098766,False
Testing/notumor/Te-no_140.jpg,Training/notumor/Tr-no_1102.jpg,24.417145679012346,36.90824691358025,16.612227160493827,36.321224691358026,180,16.612227160493827,True
Testing/notumor/Te-no_260.jpg,Training/notumor/Tr-no_1138.jpg,24.414656790123455,36.32387160493827,16.61519012345679,36.904454320987654,180,16.61519012345679,True
Testing/notumor/Te-no_334.jpg,Training/notumor/Tr-no_1027.jpg,16.61605925925926,36.46056296296296,24.546567901234567,37.01159506172839,0,16.61605925925926,True
Testing/notumor/Te-no_189.jpg,Testing/notumor/Te-no_388.jpg,16.672592592592594,36.89833086419753,24.468464197530864,36.33746172839506,0,16.672592592592594,False
Testing/notumor/Te-no_113.jpg,Training/notumor/Tr-no_46.jpg,16.69023209876543,36.38781234567901,24.523713580246913,36.95974320987654,0,16.69023209876543,True
Training/notumor/Tr-no_1252.jpg,Training/notumor/Tr-no_241.jpg,16.69923950617284,36.42625185185185,24.500562962962963,36.971120987654324,0,16.69923950617284,False
Testing/notumor/Te-no_189.jpg,Training/notumor/Tr-no_1138.jpg,24.48722962962963,36.34153086419753,16.699812345679014,36.89833086419753,180,16.699812345679014,True
Testing/notumor/Te-no_113.jpg,Testing/notumor/Te-no_351.jpg,16.701846913580248,36.312553086419754,24.47851851851852,36.92090864197531,0,16.701846913580248,False
Testing/notumor/Te-no_351.jpg,Training/notumor/Tr-no_1252.jpg,24.478182716049382,36.3422024691358,16.702735802469135,36.91452839506173,180,16.702735802469135,True
Testing/notumor/Te-no_351.jpg,Training/notumor/Tr-no_1138.jpg,16.7103012345679,36.88175802469136,24.452128395061727,36.29552592592593,0,16.7103012345679,True
Training/notumor/Tr-no_1252.jpg,Training/notumor/Tr-no_46.jpg,24.520335802469138,36.9537975308642,16.723595061728396,36.41999012345679,180,16.723595061728396,False
Testing/notumor/Te-no_351.jpg,Testing/notumor/Te-no_388.jpg,24.43442962962963,36.29607901234568,16.729856790123456,36.88073086419753,180,16.729856790123456,False
Testing/notumor/Te-no_260.jpg,Testing/notumor/Te-no_334.jpg,24.51853827160494,36.4337975308642,16.73048888888889,37.01240493827161,180,16.73048888888889,False
Testing/notumor/Te-no_113.jpg,Training/notumor/Tr-no_241.jpg,24.51026172839506,36.97493333333333,16.738725925925927,36.38510617283951,180,16.738725925925927,True
Testing/notumor/Te-no_189.jpg,Testing/notumor/Te-no_334.jpg,24.521382716049384,36.42565925925926,16.762725925925928,36.974123456790124,180,16.762725925925928,False
Testing/notumor/Te-no_140.jpg,Training/notumor/Tr-no_1027.jpg,24.593027160493826,37.0016,16.788385185185184,36.44400987654321,180,16.788385185185184,True
Testing/notumor/Te-no_388.jpg,Training/notumor/Tr-no_241.jpg,16.78878024691358,36.379772839506174,24.514291358024693,36.96011851851852,0,16.78878024691358,True
Testing/notumor/Te-no_388.jpg,Training/notumor/Tr-no_46.jpg,24.522804938271605,36.94907654320988,16.796582716049382,36.37876543209877,180,16.796582716049382,True
Testing/notumor/Te-no_334.jpg,Training/notumor/Tr-no_46.jpg,16.80983703703704,36.431565432098765,24.575762962962962,37.01791604938271,0,16.80983703703704,True
Training/notumor/Tr-no_1138.jpg,Training/notumor/Tr-no_46.jpg,16.810291358024692,36.380187654320984,24.5328,36.958123456790126,0,16.810291358024692,False
Training/notumor/Tr-no_1138.jpg,Training/notumor/Tr-no_241.jpg,24.516385185185186,36.964938271604936,16.812167901234567,36.382735802469135,180,16.812167901234567,False
Testing/notumor/Te-no_140.jpg,Testing/notumor/Te-no_189.jpg,16.829175308641975,36.404246913580245,24.564444444444444,36.95452839506173,0,16.829175308641975,False
Testing/notumor/Te-no_140.jpg,Testing/notumor/Te-no_260.jpg,16.830004938271603,36.41187160493827,24.578113580246914,36.998617283950615,0,16.830004938271603,False
Testing/notumor/Te-no_334.jpg,Testing/notumor/Te-no_351.jpg,16.83207901234568,36.409955555555555,24.537758024691357,36.98145185185185,0,16.83207901234568,False
Testing/notumor/Te-no_334.jpg,Training/notumor/Tr-no_241.jpg,24.570686419753088,37.03120987654321,16.845451851851852,36.43691851851852,180,16.845451851851852,True
Testing/notumor/Te-no_140.jpg,Testing/notumor/Te-no_351.jpg,24.59038024691358,36.9660049382716,16.92472098765432,36.38372345679012,180,16.92472098765432,False
Testing/notumor/Te-no_140.jpg,Training/notumor/Tr-no_241.jpg,16.953817283950617,36.42925432098765,24.611772839506173,37.01477530864197,0,16.953817283950617,True
Testing/notumor/Te-no_140.jpg,Training/notumor/Tr-no_46.jpg,24.619851851851852,37.01242469135803,16.956997530864196,36.42113580246914,180,16.956997530864196,True
Training/notumor/Tr-no_1071.jpg,Training/notumor/Tr-no_251.jpg,30.374795061728395,37.07638518518519,22.709254320987654,36.986508641975306,180,22.709254320987654,False
Training/notumor/Tr-no_1252.jpg,Training/notumor/Tr-no_251.jpg,22.79922962962963,37.06712098765432,30.451693827160494,37.129975308641974,0,22.79922962962963,False
Testing/notumor/Te-no_388.jpg,Training/notumor/Tr-no_251.jpg,22.814972839506172,37.05682962962963,30.463407407407406,37.16219259259259,0,22.814972839506172,True
Testing/notumor/Te-no_113.jpg,Training/notumor/Tr-no_251.jpg,30.446617283950616,37.132444444444445,22.815565432098765,37.06797037037037,180,22.815565432098765,True
Training/notumor/Tr-no_1138.jpg,Training/notumor/Tr-no_251.jpg,30.47762962962963,37.16472098765432,22.855664197530864,37.065204938271606,180,22.855664197530864,False
Testing/notumor/Te-no_334.jpg,Training/notumor/Tr-no_251.jpg,30.557372839506172,37.21143703703704,22.938883950617285,37.10927407407407,180,22.938883950617285,True
Testing/notumor/Te-no_140.jpg,Training/notumor/Tr-no_251.jpg,22.992967901234568,37.07948641975309,30.51996049382716,37.16201481481482,0,22.992967901234568,True
Testing/notumor/Te-no_271.jpg,Training/notumor/Tr-no_322.jpg,23.07899259259259,36.2352987654321,29.517195061728394,36.1679012345679,0,23.07899259259259,True
Training/notumor/Tr-no_322.jpg,Training/notumor/Tr-no_611.jpg,23.11845925925926,36.15589135802469,29.516365432098766,36.224316049382715,0,23.11845925925926,False
Training/notumor/Tr-no_1027.jpg,Training/notumor/Tr-no_1060.jpg,23.153777777777776,36.37210864197531,29.682528395061727,36.26255802469136,0,23.153777777777776,False
Testing/notumor/Te-no_334.jpg,Training/notumor/Tr-no_1124.jpg,23.183545679012347,36.2655012345679,29.75753086419753,36.36553086419753,0,23.183545679012347,True
Training/notumor/Tr-no_1060.jpg,Training/notumor/Tr-no_1102.jpg,23.213234567901235,36.1620938271605,29.58407901234568,36.27484444444445,0,23.213234567901235,False
Training/notumor/Tr-no_1027.jpg,Training/notumor/Tr-no_203.jpg,23.216138271604937,36.343288888888885,29.67496296296296,36.23464691358025,0,23.216138271604937,False
Training/notumor/Tr-no_1060.jpg,Training/notumor/Tr-no_267.jpg,29.54640987654321,36.24653827160494,23.2287012345679,36.1518024691358,180,23.2287012345679,False
Training/notumor/Tr-no_1071.jpg,Training/notumor/Tr-no_224.jpg,29.556404938271605,36.25669135802469,23.230795061728394,36.150854320987655,180,23.230795061728394,False
Testing/notumor/Te-no_275.jpg,Training/notumor/Tr-no_267.jpg,23.234686419753086,36.15043950617284,29.555792592592592,36.230716049382714,0,23.234686419753086,True
Training/notumor/Tr-no_1071.jpg,Training/notumor/Tr-no_82.jpg,29.568,36.266785185185185,23.241639506172838,36.15881481481482,180,23.241639506172838,False
Testing/notumor/Te-no_388.jpg,Training/notumor/Tr-no_21.jpg,23.260444444444445,36.202113580246916,29.656572839506172,36.33603950617284,0,23.260444444444445,True
Training/notumor/Tr-no_1102.jpg,Training/notumor/Tr-no_203.jpg,23.260543209876545,36.245827160493825,29.573234567901235,36.13726419753086,0,23.260543209876545,False
Training/notumor/Tr-no_203.jpg,Training/notumor/Tr-no_267.jpg,29.53987160493827,36.21752098765432,23.270202469135803,36.13210864197531,180,23.270202469135803,False
Training/notumor/Tr-no_267.jpg,Training/notumor/Tr-no_709.jpg,23.271822222222223,36.190854320987654,29.531535802469136,36.132345679012346,0,23.271822222222223,False
Training/notumor/Tr-no_1252.jpg,Training/notumor/Tr-no_1257.jpg,23.276345679012344,36.22773333333333,29.641856790123455,36.32227160493827,0,23.276345679012344,False
Testing/notumor/Te-no_113.jpg,Training/notumor/Tr-no_1124.jpg,23.276997530864197,36.224158024691356,29.651634567901233,36.31146666666667,0,23.276997530864197,True
Training/notumor/Tr-no_1102.jpg,Training/notumor/Tr-no_339.jpg,23.281224691358023,36.227160493827164,29.599644444444444,36.1182024691358,0,23.281224691358023,False
Testing/notumor/Te-no_189.jpg,Training/notumor/Tr-no_1060.jpg,29.65193086419753,36.20798024691358,23.28495802469136,36.31038024691358,180,23.28495802469136,True
Training/notumor/Tr-no_1071.jpg,Training/notumor/Tr-no_21.jpg,29.578903703703705,36.25706666666667,23.28817777777778,36.129856790123455,180,23.28817777777778,False
Training/notumor/Tr-no_1071.jpg,Training/notumor/Tr-no_1257.jpg,29.571041975308642,36.26706172839506,23.2926024691358,36.15004444444445,180,23.2926024691358,False
Training/notumor/Tr-no_267.jpg,Training/notumor/Tr-no_339.jpg,29.566360493827162,36.10324938271605,23.294083950617285,36.19913086419753,180,23.294083950617285,False
Testing/notumor/Te-no_275.jpg,Training/notumor/Tr-no_1102.jpg,29.583585185185186,36.25839012345679,23.295743209876544,36.1644049382716,180,23.295743209876544,True
Testing/notumor/Te-no_113.jpg,Training/notumor/Tr-no_1257.jpg,29.64464197530864,36.334064197530864,23.29611851851852,36.220681481481485,180,23.29611851851852,True
Testing/notumor/Te-no_209.jpg,Testing/notumor/Te-no_388.jpg,29.665283950617283,36.18881975308642,23.298113580246913,36.32017777777778,180,23.298113580246913,False
Training/notumor/Tr-no_1124.jpg,Training/notumor/Tr-no_1252.jpg,29.655723456790124,36.220938271604936,23.302577777777778,36.302953086419755,180,23.302577777777778,False
Training/notumor/Tr-no_267.jpg,Training/notumor/Tr-no_322.jpg,23.303446913580245,36.2096,29.51053827160494,36.13987160493827,0,23.303446913580245,False
Training/notumor/Tr-no_1071.jpg,Training/notumor/Tr-no_1124.jpg,23.303506172839505,36.157076543209875,29.57187160493827,36.24481975308642,0,23.303506172839505,False
Testing/notumor/Te-no_388.jpg,Training/notumor/Tr-no_224.jpg,23.303644444444444,36.21319506172839,29.63518024691358,36.33925925925926,0,23.303644444444444,True
Training/notumor/Tr-no_203.jpg,Training/notumor/Tr-no_46.jpg,23.30822716049383,36.22271604938272,29.715575308641974,36.345382716049386,0,23.30822716049383,False
Training/notumor/Tr-no_1102.jpg,Training/notumor/Tr-no_322.jpg,29.53923950617284,36.14933333333333,23.310261728395062,36.235693827160496,180,23.310261728395062,False
Testing/notumor/Te-no_209.jpg,Training/notumor/Tr-no_1138.jpg,23.31036049382716,36.334162962962964,29.68559012345679,36.20229135802469,0,23.31036049382716,True
Training/notumor/Tr-no_1102.jpg,Training/notumor/Tr-no_709.jpg,29.552454320987653,36.145086419753085,23.31122962962963,36.218054320987655,180,23.31122962962963,False
Training/notumor/Tr-no_1252.jpg,Training/notumor/Tr-no_224.jpg,23.312237037037036,36.223920987654324,29.636345679012347,36.32276543209876,0,23.312237037037036,False
Testing/notumor/Te-no_388.jpg,Training/notumor/Tr-no_82.jpg,23.312987654320988,36.22040493827161,29.646696296296295,36.35097283950617,0,23.312987654320988,True
Testing/notumor/Te-no_209.jpg,Training/notumor/Tr-no_1071.jpg,23.31431111111111,36.233422222222224,29.60476049382716,36.12323950617284,0,23.31431111111111,True
Testing/notumor/Te-no_189.jpg,Training/notumor/Tr-no_203.jpg,29.6431012345679,36.18026666666667,23.31508148148148,36.2784,180,23.31508148148148,True
Training/notumor/Tr-no_1252.jpg,Training/notumor/Tr-no_82.jpg,23.3201975308642,36.23085432098765,29.648493827160493,36.33258271604938,0,23.3201975308642,False
Training/notumor/Tr-no_1138.jpg,Training/notumor/Tr-no_21.jpg,29.668345679012347,36.35144691358025,23.321876543209875,36.21372839506173,180,23.321876543209875,False
Training/notumor/Tr-no_241.jpg,Training/notumor/Tr-no_709.jpg,23.328474074074073,36.297758024691355,29.715753086419753,36.22162962962963,0,23.328474074074073,False
Testing/notumor/Te-no_140.jpg,Training/notumor/Tr-no_1124.jpg,29.71683950617284,36.30208395061728,23.329797530864198,36.21908148148148,180,23.329797530864198,True
Testing/notumor/Te-no_113.jpg,Training/notumor/Tr-no_224.jpg,29.632533333333335,36.33499259259259,23.334538271604938,36.221056790123455,180,23.334538271604938,True
Training/notumor/Tr-no_203.jpg,Training/notumor/Tr-no_241.jpg,29.716148148148147,36.32995555555556,23.33989135802469,36.20879012345679,180,23.33989135802469,False
Testing/notumor/Te-no_113.jpg,Training/notumor/Tr-no_82.jpg,29.641916049382715,36.34453333333333,23.344158024691357,36.230202469135804,180,23.344158024691357,True
Testing/notumor/Te-no_275.jpg,Training/notumor/Tr-no_1027.jpg,29.680454320987653,36.355654320987654,23.344454320987655,36.26506666666667,180,23.344454320987655,True
Training/notumor/Tr-no_46.jpg,Training/notumor/Tr-no_709.jpg,29.70565925925926,36.24061234567901,23.346943209876542,36.311762962962966,180,23.346943209876542,False
Testing/notumor/Te-no_260.jpg,Training/notumor/Tr-no_339.jpg,29.69665185185185,36.21623703703704,23.35026172839506,36.345817283950616,180,23.35026172839506,True
Training/notumor/Tr-no_1027.jpg,Training/notumor/Tr-no_709.jpg,29.657817283950617,36.251674074074074,23.3503012345679,36.31397530864198,180,23.3503012345679,False
Testing/notumor/Te-no_260.jpg,Testing/notumor/Te-no_275.jpg,23.35518024691358,36.37116049382716,29.686755555555557,36.261017283950615,0,23.35518024691358,False
Training/notumor/Tr-no_1062.jpg,Training/notumor/Tr-no_1071.jpg,29.539377777777776,36.148325925925924,23.365234567901236,36.23290864197531,180,23.365234567901236,False
Training/notumor/Tr-no_1027.jpg,Training/notumor/Tr-no_339.jpg,23.366755555555557,36.3267950617284,29.69596049382716,36.2226962962963,0,23.366755555555557,False
Training/notumor/Tr-no_1138.jpg,Training/notumor/Tr-no_224.jpg,29.653313580246913,36.35632592592592,23.36709135802469,36.22149135802469,180,23.36709135802469,False
Training/notumor/Tr-no_1060.jpg,Training/notumor/Tr-no_46.jpg,23.36719012345679,36.24734814814815,29.735506172839507,36.375743209876546,0,23.36719012345679,False
Testing/notumor/Te-no_388.jpg,Training/notumor/Tr-no_1257.jpg,23.372839506172838,36.212424691358024,29.653767901234566,36.33943703703704,0,23.372839506172838,True
Testing/notumor/Te-no_189.jpg,Testing/notumor/Te-no_275.jpg,23.37374814814815,36.28882962962963,29.649343209876545,36.20720987654321,0,23.37374814814815,False
Training/notumor/Tr-no_1138.jpg,Training/notumor/Tr-no_82.jpg,29.66479012345679,36.367091358024695,23.375604938271604,36.23134814814815,180,23.375604938271604,False
Training/notumor/Tr-no_1252.jpg,Training/notumor/Tr-no_21.jpg,23.376217283950616,36.2013037037037,29.65675061728395,36.3170962962963,0,23.376217283950616,False
Testing/notumor/Te-no_189.jpg,Training/notumor/Tr-no_709.jpg,23.377422222222222,36.25189135802469,29.63760987654321,36.1872987654321,0,23.377422222222222,True
Training/notumor/Tr-no_1252.jpg,Training/notumor/Tr-no_249.jpg,23.378014814814815,36.211753086419755,29.646064197530865,36.28918518518518,0,23.378014814814815,False
Testing/notumor/Te-no_351.jpg,Training/notumor/Tr-no_339.jpg,23.380977777777776,36.276187654320985,29.671664197530863,36.16786172839506,0,23.380977777777776,True
Training/notumor/Tr-no_1071.jpg,Training/notumor/Tr-no_249.jpg,29.558103703703704,36.22907654320988,23.381906172839507,36.13441975308642,180,23.381906172839507,False
Training/notumor/Tr-no_1060.jpg,Training/notumor/Tr-no_611.jpg,29.584711111111112,36.27978271604938,23.38251851851852,36.193382716049385,180,23.38251851851852,False
Testing/notumor/Te-no_113.jpg,Training/notumor/Tr-no_21.jpg,29.64796049382716,36.32414814814815,23.385244444444446,36.20069135802469,180,23.385244444444446,True
Testing/notumor/Te-no_271.jpg,Training/notumor/Tr-no_1060.jpg,29.588977777777778,36.208434567901236,23.38548148148148,36.2912,180,23.38548148148148,True
Testing/notumor/Te-no_113.jpg,Testing/notumor/Te-no_209.jpg,23.388108641975307,36.19541728395062,29.654103703703704,36.31168395061729,0,23.388108641975307,False
Testing/notumor/Te-no_113.jpg,Training/notumor/Tr-no_249.jpg,29.641185185185186,36.29513086419753,23.39518024691358,36.200118518518515,180,23.39518024691358,True
Training/notumor/Tr-no_1060.jpg,Training/notumor/Tr-no_241.jpg,29.733353086419754,36.358301234567904,23.396483950617284,36.238992592592595,180,23.396483950617284,False
Testing/notumor/Te-no_334.jpg,Training/notumor/Tr-no_249.jpg,29.726696296296296,36.34872098765432,23.396582716049384,36.24991604938272,180,23.396582716049384,True
Testing/notumor/Te-no_260.jpg,Training/notumor/Tr-no_1060.jpg,29.683654320987653,36.25981234567901,23.397866666666665,36.385283950617286,180,23.397866666666665,True
Testing/notumor/Te-no_260.jpg,Training/notumor/Tr-no_709.jpg,23.40404938271605,36.327427160493826,29.671348148148148,36.24165925925926,0,23.40404938271605,True
Testing/notumor/Te-no_209.jpg,Training/notumor/Tr-no_1252.jpg,29.666804938271603,36.200335802469134,23.41680987654321,36.30162962962963,180,23.41680987654321,True
Testing/notumor/Te-no_388.jpg,Training/notumor/Tr-no_1124.jpg,29.64337777777778,36.31755061728395,23.420286419753086,36.212069135802466,180,23.420286419753086,True
Training/notumor/Tr-no_203.jpg,Training/notumor/Tr-no_611.jpg,29.572207407407408,36.25001481481481,23.421135802469134,36.16412839506173,180,23.421135802469134,False
Testing/notumor/Te-no_271.jpg,Training/notumor/Tr-no_203.jpg,29.57912098765432,36.17973333333333,23.42319012345679,36.2628938271605,180,23.42319012345679,True
Testing/notumor/Te-no_334.jpg,Training/notumor/Tr-no_1257.jpg,29.742004938271606,36.39286913580247,23.42718024691358,36.26640987654321,180,23.42718024691358,True
Testing/notumor/Te-no_260.jpg,Training/notumor/Tr-no_203.jpg,29.668306172839507,36.2383012345679,23.431624691358024,36.35290864197531,180,23.431624691358024,True
Training/notumor/Tr-no_1138.jpg,Training/notumor/Tr-no_1257.jpg,29.671427160493828,36.35733333333334,23.43205925925926,36.224513580246914,180,23.43205925925926,False
Testing/notumor/Te-no_189.jpg,Training/notumor/Tr-no_339.jpg,29.66334814814815,36.16831604938272,23.432474074074076,36.26403950617284,180,23.432474074074076,True
Testing/notumor/Te-no_271.jpg,Training/notumor/Tr-no_339.jpg,29.610311111111113,36.156720987654325,23.43284938271605,36.245965432098764,180,23.43284938271605,True
Training/notumor/Tr-no_339.jpg,Training/notumor/Tr-no_611.jpg,29.603318518518517,36.23557530864198,23.43292839506173,36.14281481481481,180,23.43292839506173,False
Training/notumor/Tr-no_1124.jpg,Training/notumor/Tr-no_1138.jpg,23.433125925925925,36.33236543209877,29.67442962962963,36.227081481481484,0,23.433125925925925,False
Testing/notumor/Te-no_275.jpg,Training/notumor/Tr-no_611.jpg,23.43361975308642,36.18554074074074,29.584375308641974,36.25633580246914,0,23.43361975308642,True
Testing/notumor/Te-no_140.jpg,Training/notumor/Tr-no_249.jpg,23.436444444444444,36.21021234567901,29.7118024691358,36.291120987654324,0,23.436444444444444,True
Testing/notumor/Te-no_271.jpg,Testing/notumor/Te-no_275.jpg,23.43764938271605,36.26791111111111,29.589945679012345,36.20047407407407,0,23.43764938271605,False
Testing/notumor/Te-no_275.jpg,Training/notumor/Tr-no_241.jpg,23.443595061728395,36.242054320987656,29.73526913580247,36.346548148148145,0,23.443595061728395,True
Training/notumor/Tr-no_611.jpg,Training/notumor/Tr-no_709.jpg,23.443614814814815,36.22287407407408,29.564701234567902,36.16835555555556,0,23.443614814814815,False
Testing/notumor/Te-no_271.jpg,Training/notumor/Tr-no_709.jpg,23.445432098765433,36.235792592592595,29.571496296296296,36.181827160493825,0,23.445432098765433,True
Testing/notumor/Te-no_351.jpg,Training/notumor/Tr-no_1060.jpg,23.445728395061728,36.31759012345679,29.667476543209876,36.21044938271605,0,23.445728395061728,True
Testing/notumor/Te-no_388.jpg,Training/notumor/Tr-no_249.jpg,23.452029629629628,36.196483950617285,29.64154074074074,36.29524938271605,0,23.452029629629628,True
Testing/notumor/Te-no_334.jpg,Training/notumor/Tr-no_224.jpg,29.72539259259259,36.388938271604935,23.452167901234567,36.26441481481481,180,23.452167901234567,True
Training/notumor/Tr-no_1027.jpg,Training/notumor/Tr-no_322.jpg,29.637135802469135,36.24987654320988,23.455288888888887,36.32596543209876,180,23.455288888888887,False
Testing/notumor/Te-no_275.jpg,Training/notumor/Tr-no_46.jpg,29.72703209876543,36.357906172839506,23.45673086419753,36.25317530864198,180,23.45673086419753,True
Training/notumor/Tr-no_1062.jpg,Training/notumor/Tr-no_1252.jpg,23.45765925925926,36.28242962962963,29.608730864197533,36.2112,0,23.45765925925926,False
Testing/notumor/Te-no_275.jpg,Testing/notumor/Te-no_351.jpg,29.670972839506174,36.30172839506173,23.457876543209878,36.21319506172839,180,23.457876543209878,False
Testing/notumor/Te-no_334.jpg,Training/notumor/Tr-no_82.jpg,29.736513580246914,36.39998024691358,23.4592987654321,36.273283950617284,180,23.4592987654321,True
Testing/notumor/Te-no_351.jpg,Training/notumor/Tr-no_203.jpg,23.461866666666666,36.284464197530866,29.6415012345679,36.18309135802469,0,23.461866666666666,True
Testing/notumor/Te-no_209.jpg,Testing/notumor/Te-no_334.jpg,23.463664197530864,36.36930370370371,29.75944691358025,36.24126419753087,0,23.463664197530864,False
Testing/notumor/Te-no_113.jpg,Training/notumor/Tr-no_1062.jpg,29.60385185185185,36.29244444444444,23.46640987654321,36.21311604938272,180,23.46640987654321,True
Testing/notumor/Te-no_140.jpg,Training/notumor/Tr-no_1257.jpg,23.472138271604937,36.230261728395064,29.71051851851852,36.330883950617284,0,23.472138271604937,True
Testing/notumor/Te-no_260.jpg,Training/notumor/Tr-no_322.jpg,23.473441975308642,36.349846913580244,29.643713580246914,36.24345679012346,0,23.473441975308642,True
Testing/notumor/Te-no_388.jpg,Training/notumor/Tr-no_1062.jpg,23.473718518518517,36.19932839506173,29.6159012345679,36.30820740740741,0,23.473718518518517,True
Testing/notumor/Te-no_351.jpg,Training/notumor/Tr-no_709.jpg,29.631940740740742,36.19201975308642,23.484108641975308,36.26554074074074,180,23.484108641975308,True
Testing/notumor/Te-no_334.jpg,Training/notumor/Tr-no_21.jpg,29.737817283950616,36.38441481481482,23.499160493827162,36.245945679012344,180,23.499160493827162,True
Testing/notumor/Te-no_189.jpg,Training/notumor/Tr-no_322.jpg,23.50014814814815,36.26482962962963,29.611555555555555,36.19786666666667,0,23.50014814814815,True
Testing/notumor/Te-no_140.jpg,Training/notumor/Tr-no_224.jpg,23.502617283950617,36.22881975308642,29.70002962962963,36.32995555555556,0,23.502617283950617,True
Training/notumor/Tr-no_1138.jpg,Training/notumor/Tr-no_249.jpg,29.655604938271605,36.312671604938274,23.50473086419753,36.21382716049383,180,23.50473086419753,False
Training/notumor/Tr-no_1062.jpg,Training/notumor/Tr-no_1138.jpg,29.64478024691358,36.217382716049386,23.505244444444443,36.32705185185185,180,23.505244444444443,False
Training/notumor/Tr-no_339.jpg,Training/notumor/Tr-no_46.jpg,23.507041975308642,36.20934320987654,29.733451851851854,36.32213333333333,0,23.507041975308642,False
Testing/notumor/Te-no_140.jpg,Training/notumor/Tr-no_82.jpg,23.511486419753087,36.238795061728396,29.711585185185186,36.340088888888886,0,23.511486419753087,True
Testing/notumor/Te-no_351.jpg,Training/notumor/Tr-no_322.jpg,29.6417975308642,36.196898765432096,23.52391111111111,36.28744691358025,180,23.52391111111111,True
Testing/notumor/Te-no_140.jpg,Training/notumor/Tr-no_21.jpg,23.52717037037037,36.205451851851855,29.70735802469136,36.32077037037037,0,23.52717037037037,True
Training/notumor/Tr-no_241.jpg,Training/notumor/Tr-no_339.jpg,29.732562962962962,36.193995061728394,23.533135802469136,36.31583209876543,180,23.533135802469136,False
Testing/notumor/Te-no_140.jpg,Testing/notumor/Te-no_209.jpg,29.727604938271604,36.3070024691358,23.540424691358023,36.193777777777775,180,23.540424691358023,False
Testing/notumor/Te-no_334.jpg,Training/notumor/Tr-no_1062.jpg,29.706508641975308,36.35282962962963,23.580128395061728,36.25568395061728,180,23.580128395061728,True
Training/notumor/Tr-no_322.jpg,Training/notumor/Tr-no_46.jpg,29.686992592592592,36.33505185185185,23.599683950617283,36.24379259259259,180,23.599683950617283,False
Training/notumor/Tr-no_241.jpg,Training/notumor/Tr-no_322.jpg,23.601995061728395,36.32092839506173,29.69372839506173,36.23045925925926,0,23.601995061728395,False
Testing/notumor/Te-no_140.jpg,Training/notumor/Tr-no_1062.jpg,23.633461728395062,36.218706172839504,29.682528395061727,36.296612345679016,0,23.633461728395062,True
Training/notumor/Tr-no_1062.jpg,Training/notumor/Tr-no_611.jpg,26.05692839506173,35.96661728395062,28.578686419753087,36.47241481481481,0,26.05692839506173,False
Testing/notumor/Te-no_271.jpg,Training/notumor/Tr-no_1062.jpg,26.05925925925926,36.486281481481484,28.580148148148147,35.9759012345679,0,26.05925925925926,True
Training/notumor/Tr-no_1062.jpg,Training/notumor/Tr-no_267.jpg,26.084483950617283,35.949214814814816,28.56582716049383,36.42388148148148,0,26.084483950617283,False
Training/notumor/Tr-no_1062.jpg,Training/notumor/Tr-no_1102.jpg,28.577975308641975,36.44246913580247,26.100503703703705,35.98411851851852,180,26.100503703703705,False
Training/notumor/Tr-no_224.jpg,Training/notumor/Tr-no_267.jpg,26.111703703703704,35.96,28.593758024691358,36.42660740740741,0,26.111703703703704,False
Training/notumor/Tr-no_267.jpg,Training/notumor/Tr-no_82.jpg,26.11760987654321,36.43575308641975,28.603575308641975,35.97056790123457,0,26.11760987654321,False
Training/notumor/Tr-no_1257.jpg,Training/notumor/Tr-no_267.jpg,26.12661728395062,35.95073580246913,28.611871604938273,36.43215802469136,0,26.12661728395062,False
Training/notumor/Tr-no_1071.jpg,Training/notumor/Tr-no_322.jpg,28.586528395061727,36.4480987654321,26.139397530864198,35.977382716049384,180,26.139397530864198,False
Training/notumor/Tr-no_224.jpg,Training/notumor/Tr-no_611.jpg,26.145461728395063,35.99411358024691,28.628661728395063,36.48454320987654,0,26.145461728395063,False
Training/notumor/Tr-no_1102.jpg,Training/notumor/Tr-no_224.jpg,28.596819753086418,35.99672098765432,26.146054320987655,36.449382716049385,180,26.146054320987655,False
Training/notumor/Tr-no_21.jpg,Training/notumor/Tr-no_267.jpg,26.14968888888889,35.95346172839506,28.60792098765432,36.41366913580247,0,26.14968888888889,False
Testing/notumor/Te-no_271.jpg,Training/notumor/Tr-no_224.jpg,26.151545679012347,36.49647407407407,28.63201975308642,36.00616296296296,0,26.151545679012347,True
Testing/notumor/Te-no_209.jpg,Training/notumor/Tr-no_267.jpg,28.619437037037038,36.419022222222225,26.152395061728395,35.946014814814816,180,26.152395061728395,True
Training/notumor/Tr-no_611.jpg,Training/notumor/Tr-no_82.jpg,26.15267160493827,36.49432098765432,28.638834567901235,36.00661728395062,0,26.15267160493827,False
Training/notumor/Tr-no_1102.jpg,Training/notumor/Tr-no_82.jpg,28.605372839506174,36.008276543209874,26.153027160493828,36.45971358024691,180,26.153027160493828,False
Testing/notumor/Te-no_209.jpg,Training/notumor/Tr-no_1102.jpg,26.157432098765433,35.977086419753086,28.638064197530863,36.438044444444444,0,26.157432098765433,True
Testing/notumor/Te-no_271.jpg,Training/notumor/Tr-no_82.jpg,26.1582024691358,36.50660740740741,28.6414024691358,36.01811358024691,0,26.1582024691358,True
Training/notumor/Tr-no_1124.jpg,Training/notumor/Tr-no_267.jpg,28.619575308641977,36.415723456790126,26.160592592592593,35.95792592592593,180,26.160592592592593,False
Training/notumor/Tr-no_1102.jpg,Training/notumor/Tr-no_1257.jpg,28.615604938271606,35.989155555555556,26.160612345679013,36.4546962962963,180,26.160612345679013,False
Training/notumor/Tr-no_1257.jpg,Training/notumor/Tr-no_611.jpg,26.165985185185185,35.98769382716049,28.647051851851852,36.485945679012346,0,26.165985185185185,False
Training/notumor/Tr-no_1102.jpg,Training/notumor/Tr-no_1124.jpg,26.167051851851852,36.440434567901235,28.628602469135803,35.99405432098765,0,26.167051851851852,False
Training/notumor/Tr-no_249.jpg,Training/notumor/Tr-no_267.jpg,26.170093827160493,35.94755555555555,28.612128395061728,36.403812345679015,0,26.170093827160493,False
Testing/notumor/Te-no_209.jpg,Training/notumor/Tr-no_611.jpg,28.669037037037036,36.47284938271605,26.171061728395063,35.97503209876543,180,26.171061728395063,True
Testing/notumor/Te-no_271.jpg,Training/notumor/Tr-no_1257.jpg,26.171634567901236,36.498903703703704,28.650093827160493,36.00005925925926,0,26.171634567901236,True
Testing/notumor/Te-no_209.jpg,Testing/notumor/Te-no_271.jpg,28.675476543209875,36.48801975308642,26.174775308641976,35.986093827160495,180,26.174775308641976,False
Training/notumor/Tr-no_1102.jpg,Training/notumor/Tr-no_21.jpg,28.613313580246913,35.986311111111114,26.181945679012344,36.440908641975305,180,26.181945679012344,False
Training/notumor/Tr-no_21.jpg,Training/notumor/Tr-no_611.jpg,26.18320987654321,35.98959012345679,28.646775308641974,36.477372839506174,0,26.18320987654321,False
Training/notumor/Tr-no_1060.jpg,Training/notumor/Tr-no_1071.jpg,26.18324938271605,36.45777777777778,28.642627160493827,35.99338271604938,0,26.18324938271605,False
Training/notumor/Tr-no_1124.jpg,Training/notumor/Tr-no_611.jpg,28.656335802469137,36.471446913580245,26.184197530864196,35.99516049382716,180,26.184197530864196,False
Testing/notumor/Te-no_271.jpg,Training/notumor/Tr-no_1124.jpg,28.659259259259258,36.00863209876543,26.188543209876542,36.48740740740741,180,26.188543209876542,True
Testing/notumor/Te-no_271.jpg,Training/notumor/Tr-no_21.jpg,26.1887012345679,36.4915950617284,28.65104197530864,36.00061234567901,0,26.1887012345679,True
Training/notumor/Tr-no_1071.jpg,Training/notumor/Tr-no_339.jpg,26.1936,35.95107160493827,28.637925925925927,36.42696296296296,0,26.1936,False
Training/notumor/Tr-no_1102.jpg,Training/notumor/Tr-no_249.jpg,28.61937777777778,35.98502716049383,26.19381728395062,36.428365432098765,180,26.19381728395062,False
Training/notumor/Tr-no_1071.jpg,Training/notumor/Tr-no_203.jpg,26.196108641975307,35.97763950617284,28.627358024691357,36.428207407407406,0,26.196108641975307,False
Training/notumor/Tr-no_1071.jpg,Training/notumor/Tr-no_709.jpg,28.616572839506173,36.41975308641975,26.202113580246913,35.96606419753086,180,26.202113580246913,False
Training/notumor/Tr-no_249.jpg,Training/notumor/Tr-no_611.jpg,26.209303703703704,35.98834567901235,28.6544987654321,36.456296296296294,0,26.209303703703704,False
Testing/notumor/Te-no_271.jpg,Training/notumor/Tr-no_249.jpg,26.209896296296296,36.471269135802466,28.65825185185185,35.9998024691358,0,26.209896296296296,True
Testing/notumor/Te-no_275.jpg,Training/notumor/Tr-no_1071.jpg,28.62814814814815,35.974241975308644,26.212464197530863,36.44823703703704,180,26.212464197530863,True
Training/notumor/Tr-no_1252.jpg,Training/notumor/Tr-no_322.jpg,26.24884938271605,36.03942716049383,28.702617283950616,36.498133333333335,0,26.24884938271605,False
Testing/notumor/Te-no_113.jpg,Training/notumor/Tr-no_322.jpg,28.696553086419755,36.50561975308642,26.249027160493828,36.02806913580247,180,26.249027160493828,True
Testing/notumor/Te-no_388.jpg,Training/notumor/Tr-no_322.jpg,26.254795061728395,36.038656790123454,28.683437037037038,36.504553086419754,0,26.254795061728395,True
Training/notumor/Tr-no_1027.jpg,Training/notumor/Tr-no_1062.jpg,28.726755555555556,36.06767407407408,26.255644444444446,36.53933827160494,180,26.255644444444446,False
Testing/notumor/Te-no_189.jpg,Training/notumor/Tr-no_1062.jpg,26.256928395061728,36.4703012345679,28.708404938271606,36.01815308641975,0,26.256928395061728,True
Testing/notumor/Te-no_260.jpg,Training/notumor/Tr-no_1062.jpg,26.267753086419752,36.55456790123457,28.71342222222222,36.08318024691358,0,26.267753086419752,True
Testing/notumor/Te-no_113.jpg,Training/notumor/Tr-no_1060.jpg,26.275140740740742,36.04612345679012,28.749017283950618,36.52082962962963,0,26.275140740740742,True
Training/notumor/Tr-no_1138.jpg,Training/notumor/Tr-no_322.jpg,28.709155555555554,36.520276543209874,26.286992592592593,36.071841975308644,180,26.286992592592593,False
Testing/notumor/Te-no_113.jpg,Training/notumor/Tr-no_709.jpg,28.719802469135804,36.48138271604938,26.289975308641974,36.01035061728395,180,26.289975308641974,True
Training/notumor/Tr-no_1252.jpg,Training/notumor/Tr-no_709.jpg,26.290666666666667,36.016730864197534,28.737955555555555,36.47871604938272,0,26.290666666666667,False
Testing/notumor/Te-no_189.jpg,Training/notumor/Tr-no_224.jpg,26.293669135802467,36.47508148148148,28.740049382716048,36.03087407407408,0,26.293669135802467,True
Testing/notumor/Te-no_113.jpg,Training/notumor/Tr-no_203.jpg,26.295624691358025,36.02374320987654,28.742044444444446,36.48485925925926,0,26.295624691358025,True
Testing/notumor/Te-no_388.jpg,Training/notumor/Tr-no_709.jpg,26.295822222222224,36.029274074074074,28.722725925925925,36.48098765432099,0,26.295822222222224,True
Testing/notumor/Te-no_351.jpg,Training/notumor/Tr-no_1062.jpg,28.69538765432099,36.06135308641975,26.29598024691358,36.48754567901234,180,26.29598024691358,True
Training/notumor/Tr-no_1027.jpg,Training/notumor/Tr-no_224.jpg,28.75776790123457,36.07853827160494,26.29752098765432,36.54305185185185,180,26.29752098765432,False
Testing/notumor/Te-no_260.jpg,Training/notumor/Tr-no_224.jpg,26.298725925925925,36.5552,28.739891358024693,36.08890864197531,0,26.298725925925925,True
Testing/notumor/Te-no_189.jpg,Training/notumor/Tr-no_82.jpg,26.301234567901236,36.48541234567901,28.747614814814813,36.04219259259259,0,26.301234567901236,True
Testing/notumor/Te-no_113.jpg,Training/notumor/Tr-no_339.jpg,26.301293827160492,36.00073086419753,28.756958024691357,36.49712592592593,0,26.301293827160492,True
Testing/notumor/Te-no_209.jpg,Training/notumor/Tr-no_1027.jpg,26.30159012345679,36.05163456790123,28.782972839506172,36.53886419753086,0,26.30159012345679,True
Training/notumor/Tr-no_1060.jpg,Training/notumor/Tr-no_1252.jpg,28.752513580246912,36.06396049382716,26.30174814814815,36.51543703703704,180,26.30174814814815,False
Testing/notumor/Te-no_388.jpg,Training/notumor/Tr-no_1060.jpg,28.731634567901235,36.520276543209874,26.301846913580246,36.04944197530864,180,26.301846913580246,True
Testing/notumor/Te-no_260.jpg,Training/notumor/Tr-no_82.jpg,26.302301234567903,36.565846913580245,28.748365432098765,36.09987160493827,0,26.302301234567903,True
Training/notumor/Tr-no_1027.jpg,Training/notumor/Tr-no_82.jpg,28.76568888888889,36.090054320987655,26.303861728395063,36.55211851851852,180,26.303861728395063,False
Training/notumor/Tr-no_1027.jpg,Training/notumor/Tr-no_1124.jpg,26.305323456790124,36.53402469135803,28.781096296296298,36.07610864197531,0,26.305323456790124,False
Testing/notumor/Te-no_189.jpg,Testing/notumor/Te-no_209.jpg,28.75051851851852,36.00807901234568,26.307693827160495,36.46682469135803,180,26.307693827160495,False
Training/notumor/Tr-no_1252.jpg,Training/notumor/Tr-no_339.jpg,28.749076543209878,36.48762469135802,26.308385185185184,36.01746172839506,180,26.308385185185184,False
Testing/notumor/Te-no_189.jpg,Training/notumor/Tr-no_1257.jpg,26.308938271604937,36.48114567901234,28.74567901234568,36.02978765432099,0,26.308938271604937,True
Testing/notumor/Te-no_388.jpg,Training/notumor/Tr-no_339.jpg,28.729382716049383,36.48764444444444,26.309234567901235,36.004325925925926,180,26.309234567901235,True
Testing/notumor/Te-no_260.jpg,Training/notumor/Tr-no_1257.jpg,26.31126913580247,36.559367901234566,28.754844444444444,36.08316049382716,0,26.31126913580247,True
Testing/notumor/Te-no_388.jpg,Training/notumor/Tr-no_203.jpg,28.722725925925925,36.49635555555555,26.313323456790123,36.03085432098766,180,26.313323456790123,True
Training/notumor/Tr-no_1027.jpg,Training/notumor/Tr-no_1257.jpg,28.763634567901235,36.075397530864194,26.3135012345679,36.55085432098765,180,26.3135012345679,False
Testing/notumor/Te-no_113.jpg,Testing/notumor/Te-no_275.jpg,28.730153086419755,36.51101234567901,26.317353086419754,36.0158024691358,180,26.317353086419754,False
Testing/notumor/Te-no_189.jpg,Training/notumor/Tr-no_21.jpg,26.317827160493827,36.46684444444445,28.744533333333333,36.01856790123457,0,26.317827160493827,True
Training/notumor/Tr-no_1252.jpg,Training/notumor/Tr-no_203.jpg,28.7424987654321,36.48535308641976,26.318044444444446,36.0448987654321,180,26.318044444444446,False
Testing/notumor/Te-no_189.jpg,Training/notumor/Tr-no_1124.jpg,28.751407407407406,36.01840987654321,26.31841975308642,36.46629135802469,180,26.31841975308642,True
Testing/notumor/Te-no_275.jpg,Training/notumor/Tr-no_1252.jpg,26.31986172839506,36.507713580246914,28.74234074074074,36.03743209876543,0,26.31986172839506,True
Testing/notumor/Te-no_275.jpg,Testing/notumor/Te-no_388.jpg,26.321975308641974,36.508167901234565,28.717906172839506,36.046735802469136,0,26.321975308641974,False
Testing/notumor/Te-no_189.jpg,Training/notumor/Tr-no_249.jpg,26.32653827160494,36.45453827160494,28.74384197530864,36.00839506172839,0,26.32653827160494,True
Testing/notumor/Te-no_260.jpg,Training/notumor/Tr-no_21.jpg,26.32888888888889,36.54162962962963,28.74642962962963,36.07845925925926,0,26.32888888888889,True
Training/notumor/Tr-no_1027.jpg,Training/notumor/Tr-no_21.jpg,28.769283950617282,36.06725925925926,26.330567901234566,36.53686913580247,180,26.330567901234566,False
Testing/notumor/Te-no_351.jpg,Training/notumor/Tr-no_224.jpg,28.71676049382716,36.068266666666666,26.33276049382716,36.493037037037034,180,26.33276049382716,True
Training/notumor/Tr-no_1060.jpg,Training/notumor/Tr-no_1138.jpg,26.338864197530864,36.53679012345679,28.76719012345679,36.07919012345679,0,26.338864197530864,False
Training/notumor/Tr-no_1062.jpg,Training/notumor/Tr-no_46.jpg,28.751802469135804,36.53388641975309,26.339555555555556,36.05451851851852,180,26.339555555555556,False
Testing/notumor/Te-no_351.jpg,Training/notumor/Tr-no_82.jpg,28.727802469135803,36.07994074074074,26.339693827160495,36.50281481481481,180,26.339693827160495,True
Testing/notumor/Te-no_260.jpg,Training/notumor/Tr-no_1124.jpg,28.76882962962963,36.089323456790126,26.340424691358024,36.553441975308644,180,26.340424691358024,True
Testing/notumor/Te-no_209.jpg,Testing/notumor/Te-no_260.jpg,28.764622222222222,36.54315061728395,26.341274074074075,36.06714074074074,180,26.341274074074075,False
Training/notumor/Tr-no_1027.jpg,Training/notumor/Tr-no_249.jpg,28.766933333333334,36.06558024691358,26.342953086419755,36.52476049382716,180,26.342953086419755,False
Testing/notumor/Te-no_260.jpg,Training/notumor/Tr-no_249.jpg,26.34332839506173,36.53963456790123,28.76256790123457,36.083575308641976,0,26.34332839506173,True
Training/notumor/Tr-no_1138.jpg,Training/notumor/Tr-no_709.jpg,28.75452839506173,36.494854320987656,26.343901234567902,36.06076049382716,180,26.343901234567902,False
Training/notumor/Tr-no_1062.jpg,Training/notumor/Tr-no_241.jpg,26.344158024691357,36.041185185185185,28.753046913580246,36.52126419753086,0,26.344158024691357,False
Training/notumor/Tr-no_1138.jpg,Training/notumor/Tr-no_339.jpg,26.344592592592594,36.0368,28.76323950617284,36.508306172839504,0,26.344592592592594,False
Testing/notumor/Te-no_334.jpg,Training/notumor/Tr-no_322.jpg,28.777007407407407,36.553441975308644,26.345718518518517,36.08221234567901,180,26.345718518518517,True
Training/notumor/Tr-no_1138.jpg,Training/notumor/Tr-no_203.jpg,26.346587654320988,36.056493827160494,28.762074074074075,36.5182024691358,0,26.346587654320988,False
Testing/notumor/Te-no_209.jpg,Testing/notumor/Te-no_351.jpg,26.350656790123455,36.035555555555554,28.74556049382716,36.474706172839504,0,26.350656790123455,False
Testing/notumor/Te-no_351.jpg,Training/notumor/Tr-no_1257.jpg,28.729145679012344,36.058962962962966,26.350874074074074,36.49475555555556,180,26.350874074074074,True
Testing/notumor/Te-no_351.jpg,Training/notumor/Tr-no_1124.jpg,26.353916049382715,36.488,28.747595061728394,36.06311111111111,0,26.353916049382715,True
Testing/notumor/Te-no_351.jpg,Training/notumor/Tr-no_21.jpg,28.720454320987653,36.05232592592593,26.3615012345679,36.48001975308642,180,26.3615012345679,True
Training/notumor/Tr-no_224.jpg,Training/notumor/Tr-no_241.jpg,26.368454320987656,36.05983209876543,28.782004938271605,36.51893333333334,0,26.368454320987656,False
Testing/notumor/Te-no_351.jpg,Training/notumor/Tr-no_249.jpg,28.73517037037037,36.05542716049383,26.37037037037037,36.47055802469136,180,26.37037037037037,True
Testing/notumor/Te-no_209.jpg,Training/notumor/Tr-no_46.jpg,26.37226666666667,36.040651851851855,28.8065975308642,36.5344,0,26.37226666666667,True
Training/notumor/Tr-no_241.jpg,Training/notumor/Tr-no_82.jpg,26.375703703703703,36.528,28.79119012345679,36.07363950617284,0,26.375703703703703,False
Training/notumor/Tr-no_1257.jpg,Training/notumor/Tr-no_241.jpg,26.375901234567902,36.05566419753087,28.794745679012344,36.52100740740741,0,26.375901234567902,False
Training/notumor/Tr-no_224.jpg,Training/notumor/Tr-no_46.jpg,28.785343209876544,36.53147654320988,26.376454320987655,36.07047901234568,180,26.376454320987655,False
Testing/notumor/Te-no_140.jpg,Training/notumor/Tr-no_322.jpg,26.377955555555555,36.03128888888889,28.7648,36.492404938271605,0,26.377955555555555,True
Testing/notumor/Te-no_275.jpg,Training/notumor/Tr-no_1138.jpg,28.74959012345679,36.065185185185186,26.378153086419754,36.52128395061728,180,26.378153086419754,True
Training/notumor/Tr-no_46.jpg,Training/notumor/Tr-no_82.jpg,28.793303703703703,36.08258765432099,26.381807407407408,36.53975308641975,180,26.381807407407408,False
Testing/notumor/Te-no_209.jpg,Training/notumor/Tr-no_241.jpg,28.795437037037036,36.51881481481482,26.382676543209875,36.026646913580244,180,26.382676543209875,True
Training/notumor/Tr-no_21.jpg,Training/notumor/Tr-no_241.jpg,26.383288888888888,36.04890864197531,28.781392592592592,36.510735802469135,0,26.383288888888888,False
Testing/notumor/Te-no_334.jpg,Training/notumor/Tr-no_1060.jpg,26.38482962962963,36.102044444444445,28.83377777777778,36.562765432098765,0,26.38482962962963,True
Training/notumor/Tr-no_1124.jpg,Training/notumor/Tr-no_46.jpg,26.385283950617286,36.053116049382716,28.807683950617285,36.537896296296296,0,26.385283950617286,False
Testing/notumor/Te-no_334.jpg,Training/notumor/Tr-no_339.jpg,26.387555555555554,36.05147654320988,28.825876543209876,36.53973333333333,0,26.387555555555554,True
Training/notumor/Tr-no_1257.jpg,Training/notumor/Tr-no_46.jpg,28.79685925925926,36.532444444444444,26.391051851851852,36.06164938271605,180,26.391051851851852,False
Training/notumor/Tr-no_1124.jpg,Training/notumor/Tr-no_241.jpg,28.804464197530866,36.51903209876543,26.39431111111111,36.044404938271605,180,26.39431111111111,False
Training/notumor/Tr-no_21.jpg,Training/notumor/Tr-no_46.jpg,28.78469135802469,36.526004938271605,26.395358024691358,36.05517037037037,180,26.395358024691358,False
Testing/notumor/Te-no_140.jpg,Training/notumor/Tr-no_339.jpg,28.796997530864196,36.47573333333333,26.397155555555557,36.00086913580247,180,26.397155555555557,True
Testing/notumor/Te-no_334.jpg,Training/notumor/Tr-no_203.jpg,26.3984,36.07685925925926,28.82159012345679,36.538093827160495,0,26.3984,True
Training/notumor/Tr-no_241.jpg,Training/notumor/Tr-no_249.jpg,26.398597530864198,36.49961481481481,28.78982716049383,36.04193580246913,0,26.398597530864198,False
Testing/notumor/Te-no_334.jpg,Training/notumor/Tr-no_709.jpg,28.810883950617285,36.53303703703704,26.401560493827162,36.06338765432099,180,26.401560493827162,True
Testing/notumor/Te-no_140.jpg,Training/notumor/Tr-no_709.jpg,26.40250864197531,36.01214814814815,28.79745185185185,36.46631111111111,0,26.40250864197531,True
Training/notumor/Tr-no_249.jpg,Training/notumor/Tr-no_46.jpg,28.78558024691358,36.51729382716049,26.414972839506174,36.04831604938271,180,26.414972839506174,False
Testing/notumor/Te-no_140.jpg,Training/notumor/Tr-no_1060.jpg,28.808454320987654,36.50599506172839,26.41935802469136,36.0527012345679,180,26.41935802469136,True
Testing/notumor/Te-no_275.jpg,Testing/notumor/Te-no_334.jpg,28.81854814814815,36.07713580246914,26.42261728395062,36.55448888888889,180,26.42261728395062,False
Testing/notumor/Te-no_140.jpg,Training/notumor/Tr-no_203.jpg,28.803496296296295,36.47610864197531,26.42565925925926,36.03075555555556,180,26.42565925925926,True
Testing/notumor/Te-no_140.jpg,Testing/notumor/Te-no_275.jpg,26.42881975308642,36.022103703703706,28.805708641975308,36.4876049382716,0,26.42881975308642,False
Training/notumor/Tr-no_251.jpg,Training/notumor/Tr-no_611.jpg,26.523002469135804,36.821629629629626,29.328533333333333,37.28570864197531,0,26.523002469135804,False
Testing/notumor/Te-no_271.jpg,Training/notumor/Tr-no_251.jpg,26.534696296296296,37.297165432098765,29.334933333333332,36.831387654320984,0,26.534696296296296,True
Training/notumor/Tr-no_251.jpg,Training/notumor/Tr-no_267.jpg,26.551308641975307,36.81378765432099,29.295565432098766,37.2259950617284,0,26.551308641975307,False
Training/notumor/Tr-no_1102.jpg,Training/notumor/Tr-no_251.jpg,29.29127901234568,36.840118518518516,26.566933333333335,37.2398024691358,180,26.566933333333335,False
Testing/notumor/Te-no_189.jpg,Training/notumor/Tr-no_251.jpg,26.69222716049383,37.26783209876543,29.43269135802469,36.87435061728395,0,26.69222716049383,True
Training/notumor/Tr-no_1027.jpg,Training/notumor/Tr-no_251.jpg,29.447723456790122,36.931654320987654,26.698765432098764,37.340148148148145,180,26.698765432098764,False
Testing/notumor/Te-no_260.jpg,Training/notumor/Tr-no_251.jpg,26.728375308641976,37.36071111111111,29.431901234567903,36.95537777777778,0,26.728375308641976,True
Testing/notumor/Te-no_351.jpg,Training/notumor/Tr-no_251.jpg,29.4144987654321,36.916404938271604,26.752414814814816,37.29566419753086,180,26.752414814814816,True
Training/notumor/Tr-no_241.jpg,Training/notumor/Tr-no_251.jpg,26.789175308641976,37.336612345679015,29.465283950617284,36.90800987654321,0,26.789175308641976,False
Training/notumor/Tr-no_251.jpg,Training/notumor/Tr-no_46.jpg,29.471664197530863,37.34441481481481,26.793066666666668,36.919249382716046,180,26.793066666666668,False
