rgb_group_id,image_count,split_count,class_count,rgb_width,rgb_height,comparison_representative,repeated_rgb,cross_split,different_class
t0_0134_rgb_001,1,1,1,225,225,Testing/notumor/Te-no_113.jpg,False,False,False
t0_0134_rgb_002,1,1,1,225,225,Testing/notumor/Te-no_140.jpg,False,False,False
t0_0134_rgb_003,1,1,1,225,225,Testing/notumor/Te-no_189.jpg,False,False,False
t0_0134_rgb_004,1,1,1,225,225,Testing/notumor/Te-no_209.jpg,False,False,False
t0_0134_rgb_005,1,1,1,225,225,Testing/notumor/Te-no_260.jpg,False,False,False
t0_0134_rgb_006,1,1,1,630,630,Testing/notumor/Te-no_271.jpg,False,False,False
t0_0134_rgb_007,1,1,1,225,225,Testing/notumor/Te-no_275.jpg,False,False,False
t0_0134_rgb_008,1,1,1,225,225,Testing/notumor/Te-no_334.jpg,False,False,False
t0_0134_rgb_009,1,1,1,225,225,Testing/notumor/Te-no_351.jpg,False,False,False
t0_0134_rgb_010,1,1,1,225,225,Testing/notumor/Te-no_388.jpg,False,False,False
t0_0134_rgb_011,1,1,1,225,225,Training/notumor/Tr-no_1027.jpg,False,False,False
t0_0134_rgb_012,1,1,1,225,225,Training/notumor/Tr-no_1060.jpg,False,False,False
t0_0134_rgb_013,6,1,1,630,630,Training/notumor/Tr-no_1062.jpg,True,False,False
t0_0134_rgb_014,1,1,1,225,225,Training/notumor/Tr-no_1071.jpg,False,False,False
t0_0134_rgb_015,1,1,1,225,225,Training/notumor/Tr-no_1102.jpg,False,False,False
t0_0134_rgb_016,1,1,1,225,225,Training/notumor/Tr-no_1124.jpg,False,False,False
t0_0134_rgb_017,1,1,1,225,225,Training/notumor/Tr-no_1138.jpg,False,False,False
t0_0134_rgb_018,1,1,1,225,225,Training/notumor/Tr-no_1252.jpg,False,False,False
t0_0134_rgb_019,1,1,1,225,225,Training/notumor/Tr-no_1257.jpg,False,False,False
t0_0134_rgb_020,1,1,1,225,225,Training/notumor/Tr-no_203.jpg,False,False,False
t0_0134_rgb_021,1,1,1,225,225,Training/notumor/Tr-no_21.jpg,False,False,False
t0_0134_rgb_022,3,1,1,225,225,Training/notumor/Tr-no_224.jpg,True,False,False
t0_0134_rgb_023,1,1,1,225,225,Training/notumor/Tr-no_241.jpg,False,False,False
t0_0134_rgb_024,1,1,1,225,225,Training/notumor/Tr-no_249.jpg,False,False,False
t0_0134_rgb_025,1,1,1,630,630,Training/notumor/Tr-no_251.jpg,False,False,False
t0_0134_rgb_026,1,1,1,225,225,Training/notumor/Tr-no_267.jpg,False,False,False
t0_0134_rgb_027,1,1,1,630,630,Training/notumor/Tr-no_322.jpg,False,False,False
t0_0134_rgb_028,1,1,1,225,225,Training/notumor/Tr-no_339.jpg,False,False,False
t0_0134_rgb_029,1,1,1,225,225,Training/notumor/Tr-no_46.jpg,False,False,False
t0_0134_rgb_030,1,1,1,630,630,Training/notumor/Tr-no_611.jpg,False,False,False
t0_0134_rgb_031,1,1,1,225,225,Training/notumor/Tr-no_709.jpg,False,False,False
t0_0134_rgb_032,1,1,1,225,225,Training/notumor/Tr-no_82.jpg,False,False,False
