component_id,relative_path,file_path,class_label,file_extension,split_assigned,file_size_bytes,sha256_hash,width,height,color_mode,aspect_ratio,channels,phash,dhash,is_valid,error_flag,image_format,rgb_group_id,rgb_width,rgb_height,rgb_pixel_sha256,comparison_representative,image_count
t0_0134,Testing/notumor/Te-no_113.jpg,C:\Users\pedro\Desktop\Projeto do TCC\Brain Tumor MRI Dataset\Testing\notumor\Te-no_113.jpg,notumor,.jpg,test,9225,2d29b3697261f7cc096374f4d829c4c1b1c283d39b420a4fb3cedcd7fbdf7cc8,225,225,RGB,1.0,3,93e56a5a2d393493,70f0d4d4d4d4f070,True,,JPEG,t0_0134_rgb_001,225,225,58d805ae367e3914fa74fae42813d4d91b5b609506f95248ab63aed822f55427,Testing/notumor/Te-no_113.jpg,1
t0_0134,Testing/notumor/Te-no_140.jpg,C:\Users\pedro\Desktop\Projeto do TCC\Brain Tumor MRI Dataset\Testing\notumor\Te-no_140.jpg,notumor,.jpg,test,9408,0bffedfc1df973bdc13f059b95acf515f49f922aa7f4df30a1d4c7629d201f9f,225,225,RGB,1.0,3,c64f3fb078936129,70f0d4d4d4d4f070,True,,JPEG,t0_0134_rgb_002,225,225,990f4ac8334daf54bb81a983e3ddced601bcfccc05eaf6068fbf50fca54cb928,Testing/notumor/Te-no_140.jpg,1
t0_0134,Testing/notumor/Te-no_189.jpg,C:\Users\pedro\Desktop\Projeto do TCC\Brain Tumor MRI Dataset\Testing\notumor\Te-no_189.jpg,notumor,.jpg,test,9325,55138badbfeeb9cfb71bb334803d3d8ec4c04526a3642bd96e10535af8de288e,225,225,RGB,1.0,3,931a6ae52dc6347c,70f0d4d4d4d4f070,True,,JPEG,t0_0134_rgb_003,225,225,4c23229c6fc691a456c1cbdddf8dd504b78b5b97819eb361961c8daf564bb3f5,Testing/notumor/Te-no_189.jpg,1
t0_0134,Testing/notumor/Te-no_209.jpg,C:\Users\pedro\Desktop\Projeto do TCC\Brain Tumor MRI Dataset\Testing\notumor\Te-no_209.jpg,notumor,.jpg,test,7156,223b04f04b521e9c8bc13138eab633c03010c2ad883b5c651bef8f329bf55ee1,225,225,RGB,1.0,3,93e56a5a2d393495,70f0d4d4d4d4f070,True,,JPEG,t0_0134_rgb_004,225,225,196c6a62fb7c85454dc4f260b045b0d148c4072c9a2bdb867ff794c4d9779ab9,Testing/notumor/Te-no_209.jpg,1
t0_0134,Testing/notumor/Te-no_260.jpg,C:\Users\pedro\Desktop\Projeto do TCC\Brain Tumor MRI Dataset\Testing\notumor\Te-no_260.jpg,notumor,.jpg,test,8707,d721612a89ca5408c199219d5a33441bf912d5357921e6086f7addbc836401ca,225,225,RGB,1.0,3,921a6ae52dc6347e,70f0d4d4d4d4f070,True,,JPEG,t0_0134_rgb_005,225,225,9cc50e5abb9fc82fac39b6c506149a20fc623b0c5ae7ff104f900655ff5e9056,Testing/notumor/Te-no_260.jpg,1
t0_0134,Testing/notumor/Te-no_271.jpg,C:\Users\pedro\Desktop\Projeto do TCC\Brain Tumor MRI Dataset\Testing\notumor\Te-no_271.jpg,notumor,.jpg,test,40291,7ac609a2f0e02e360f3793f8a02be46502ae4dd737c43829e3972e82dc8c8b05,630,630,L,1.0,1,921a6ae52dc6347e,70f0d4d4d4d4f070,True,,JPEG,t0_0134_rgb_006,630,630,e11b3c604756f04ee933842116fd4feca4d69a443055664d2444955db9aed8f0,Testing/notumor/Te-no_271.jpg,1
t0_0134,Testing/notumor/Te-no_275.jpg,C:\Users\pedro\Desktop\Projeto do TCC\Brain Tumor MRI Dataset\Testing\notumor\Te-no_275.jpg,notumor,.jpg,test,7113,d4a0013422890229eb540f461ddc0dd0066df275044a7efbdcdc08e45a92e22e,225,225,RGB,1.0,3,921a6ae52dc6347e,70f0d4d4d4d4f070,True,,JPEG,t0_0134_rgb_007,225,225,f205763cf35f1fb9dda44e9990e79458d2132e626aad05a016155921237da0ea,Testing/notumor/Te-no_275.jpg,1
t0_0134,Testing/notumor/Te-no_334.jpg,C:\Users\pedro\Desktop\Projeto do TCC\Brain Tumor MRI Dataset\Testing\notumor\Te-no_334.jpg,notumor,.jpg,test,9094,d6d19ac66d1fdd18db5284e7393520387235e3c61fdbe9ddbb42062da5380edc,225,225,RGB,1.0,3,93e56a5a2d393493,70f0d4d4d4d4f070,True,,JPEG,t0_0134_rgb_008,225,225,2158eac7d016cac05e6380ae2e225bb0246ec88e56f28c9ed41a429eaabab0f6,Testing/notumor/Te-no_334.jpg,1
t0_0134,Testing/notumor/Te-no_351.jpg,C:\Users\pedro\Desktop\Projeto do TCC\Brain Tumor MRI Dataset\Testing\notumor\Te-no_351.jpg,notumor,.jpg,test,9371,d78d041bbb9b1dc514b2bbd052bd797a6b580416e6e1db94f93334f8dec29901,225,225,RGB,1.0,3,c7b03f0f786c61c4,70f0d4d4d4d4f070,True,,JPEG,t0_0134_rgb_009,225,225,3c644bb98a7c3bc34423d20b572cc3116f8d2a5560b76d1bdc96f690a306e941,Testing/notumor/Te-no_351.jpg,1
t0_0134,Testing/notumor/Te-no_388.jpg,C:\Users\pedro\Desktop\Projeto do TCC\Brain Tumor MRI Dataset\Testing\notumor\Te-no_388.jpg,notumor,.jpg,test,8851,16cbcd4b6ff959fe9b0dcb022d3c72fd9223eae56b82b1b6d7f94b4311ae9b13,225,225,RGB,1.0,3,c74f3fb078926129,70f0d4d4d4d4f070,True,,JPEG,t0_0134_rgb_010,225,225,2dc5e510dee31c42f2b7ab2f925a678aefd00ad18eea48ebcda7604130934f4b,Testing/notumor/Te-no_388.jpg,1
t0_0134,Training/notumor/Tr-no_1027.jpg,C:\Users\pedro\Desktop\Projeto do TCC\Brain Tumor MRI Dataset\Training\notumor\Tr-no_1027.jpg,notumor,.jpg,train,8716,153620cd50478c8e2cf60eb8b853c5e02e3f1bd1a34a596d119ab65779eca867,225,225,RGB,1.0,3,c6b03f0f786c61d4,70f0d4d4d4d4f070,True,,JPEG,t0_0134_rgb_011,225,225,2d7130b009dc20646ca3e63565009998873bdb88edaafc40e351987cf2c23efa,Training/notumor/Tr-no_1027.jpg,1
t0_0134,Training/notumor/Tr-no_1060.jpg,C:\Users\pedro\Desktop\Projeto do TCC\Brain Tumor MRI Dataset\Training\notumor\Tr-no_1060.jpg,notumor,.jpg,train,6931,03e248ffc72dc76fa9bec9e742867f1ed95fac71faf30b2e6249eee1b1e2a766,225,225,RGB,1.0,3,c7b03f0f786c61c4,70f0d4d4d4d4f070,True,,JPEG,t0_0134_rgb_012,225,225,8ba60310d963fbca394618e4f63460d564325175397b76aaedf65e995c485237,Training/notumor/Tr-no_1060.jpg,1
t0_0134,Training/notumor/Tr-no_1062.jpg,C:\Users\pedro\Desktop\Projeto do TCC\Brain Tumor MRI Dataset\Training\notumor\Tr-no_1062.jpg,notumor,.jpg,train,55697,c1bf41ddb56396fd0e74b2eb7212c96a6a915ee86737c060c9db8e1439ff0390,630,630,RGB,1.0,3,c74f3fb078926129,70f0d4d4d4d4f070,True,,JPEG,t0_0134_rgb_013,630,630,eac5a3f76e8d6ba136843d0c034b592d667ebc8ea0df1fbdc088255368ae51e4,Training/notumor/Tr-no_1062.jpg,6
t0_0134,Training/notumor/Tr-no_1071.jpg,C:\Users\pedro\Desktop\Projeto do TCC\Brain Tumor MRI Dataset\Training\notumor\Tr-no_1071.jpg,notumor,.jpg,train,9191,2b79ef9856ccc1d8c850634eed1304cd937563662d35fa77f8e26c3991d4bc1a,225,225,RGB,1.0,3,92e56a5a2d393497,70f0d4d4d4d4f070,True,,JPEG,t0_0134_rgb_014,225,225,3951f3f5446d307abad4162c716a5205ab8f47f28e43a970aa0826fd41a8b53a,Training/notumor/Tr-no_1071.jpg,1
t0_0134,Training/notumor/Tr-no_109.jpg,C:\Users\pedro\Desktop\Projeto do TCC\Brain Tumor MRI Dataset\Training\notumor\Tr-no_109.jpg,notumor,.jpg,train,61345,72f5f6723c7b92f641fb5d44513b6111c348e43005f8c1f4829f28eebd1117b2,630,630,RGB,1.0,3,c74f3fb078926129,70f0d4d4d4d4f070,True,,JPEG,t0_0134_rgb_013,630,630,eac5a3f76e8d6ba136843d0c034b592d667ebc8ea0df1fbdc088255368ae51e4,Training/notumor/Tr-no_1062.jpg,6
t0_0134,Training/notumor/Tr-no_1102.jpg,C:\Users\pedro\Desktop\Projeto do TCC\Brain Tumor MRI Dataset\Training\notumor\Tr-no_1102.jpg,notumor,.jpg,train,8767,46b3792a79c61057a09aff260024f7919e41e13308a1417dae4d74785cb5da35,225,225,RGB,1.0,3,c7b03f0f786c61c4,70f0d4d4d4d4f070,True,,JPEG,t0_0134_rgb_015,225,225,91e7cc34098eb5297b413524b03e7b9e6919d9dbb4c8cf89c187bcbba0174253,Training/notumor/Tr-no_1102.jpg,1
t0_0134,Training/notumor/Tr-no_1124.jpg,C:\Users\pedro\Desktop\Projeto do TCC\Brain Tumor MRI Dataset\Training\notumor\Tr-no_1124.jpg,notumor,.jpg,train,7165,bb7c3d6df2afe69ac893860e9177883a5a6cd60ebc70de8c3ae996ddb185ce2f,225,225,RGB,1.0,3,93e56a5a2d393495,70f0d4d4d4d4f070,True,,JPEG,t0_0134_rgb_016,225,225,cadb5d018d0b7fa93f7a20b2a7af8f5d5427e30613adcf756d2d6772166aacee,Training/notumor/Tr-no_1124.jpg,1
t0_0134,Training/notumor/Tr-no_1138.jpg,C:\Users\pedro\Desktop\Projeto do TCC\Brain Tumor MRI Dataset\Training\notumor\Tr-no_1138.jpg,notumor,.jpg,train,9238,eafd3887b242e6ec2db6b0646d1e9cf817e2ed17a6b2d196cd7cb3c85c035cb1,225,225,RGB,1.0,3,93e56a5a2d393493,70f0d4d4d4d4f070,True,,JPEG,t0_0134_rgb_017,225,225,028a28d7650b10ae14c521bb4bf19956872f7a23edfb5853851013b6b61ee6c4,Training/notumor/Tr-no_1138.jpg,1
t0_0134,Training/notumor/Tr-no_1183.jpg,C:\Users\pedro\Desktop\Projeto do TCC\Brain Tumor MRI Dataset\Training\notumor\Tr-no_1183.jpg,notumor,.jpg,train,61345,72f5f6723c7b92f641fb5d44513b6111c348e43005f8c1f4829f28eebd1117b2,630,630,RGB,1.0,3,c74f3fb078926129,70f0d4d4d4d4f070,True,,JPEG,t0_0134_rgb_013,630,630,eac5a3f76e8d6ba136843d0c034b592d667ebc8ea0df1fbdc088255368ae51e4,Training/notumor/Tr-no_1062.jpg,6
t0_0134,Training/notumor/Tr-no_1252.jpg,C:\Users\pedro\Desktop\Projeto do TCC\Brain Tumor MRI Dataset\Training\notumor\Tr-no_1252.jpg,notumor,.jpg,train,8806,7fc77a030dc7e2098bc82150d298940040ab470f13fc7eeeb0e5bb876e767b84,225,225,RGB,1.0,3,c64f3fb078936129,70f0d4d4d4d4f070,True,,JPEG,t0_0134_rgb_018,225,225,62cab422e0448722d3c378573de4cd1874f30db0610582c0d606a3398a55c5c0,Training/notumor/Tr-no_1252.jpg,1
t0_0134,Training/notumor/Tr-no_1257.jpg,C:\Users\pedro\Desktop\Projeto do TCC\Brain Tumor MRI Dataset\Training\notumor\Tr-no_1257.jpg,notumor,.jpg,train,6766,0f89225efd176c55d0a06bdeb4c54b455a42921f86aa1f41deebc23f32e9275c,225,225,RGB,1.0,3,c64f3fb07892612b,70f0d4d4d4d4f070,True,,JPEG,t0_0134_rgb_019,225,225,f7de58b5b319d9006a34c222da14a2ad9e9bd7511318b372f2b41ac43bffdbe6,Training/notumor/Tr-no_1257.jpg,1
t0_0134,Training/notumor/Tr-no_203.jpg,C:\Users\pedro\Desktop\Projeto do TCC\Brain Tumor MRI Dataset\Training\notumor\Tr-no_203.jpg,notumor,.jpg,train,7058,23377addb366a253955df1e43c887b3202da5f23967f0bc20d5c1cdd4a11d3fb,225,225,RGB,1.0,3,c7b03f0f786c61c4,70f0d4d4d4d4f070,True,,JPEG,t0_0134_rgb_020,225,225,43f545b7df2ff4f56a10c6f954915193b7476b9606c9f1d043c6db9b20b8a868,Training/notumor/Tr-no_203.jpg,1
t0_0134,Training/notumor/Tr-no_21.jpg,C:\Users\pedro\Desktop\Projeto do TCC\Brain Tumor MRI Dataset\Training\notumor\Tr-no_21.jpg,notumor,.jpg,train,6828,325eb22cf5cd99f6c571b8df642f96dc5fa1ea1bbeb3962e0eb12066510e1dc4,225,225,RGB,1.0,3,c64f3fb07892612b,70f0d4d4d4d4f070,True,,JPEG,t0_0134_rgb_021,225,225,5123b2001ba46b1b863007e83e29e9b0f83b45befbbb9a3d91c747f70a46b70f,Training/notumor/Tr-no_21.jpg,1
t0_0134,Training/notumor/Tr-no_224.jpg,C:\Users\pedro\Desktop\Projeto do TCC\Brain Tumor MRI Dataset\Training\notumor\Tr-no_224.jpg,notumor,.jpg,train,10180,20b0c7de1c131e75deff54e8f0c51eef6c48116cdcbf7bb1f47fc7e4c7f07ab1,225,225,RGB,1.0,3,c64f3fb07892612b,70f0d4d4d4d4f070,True,,JPEG,t0_0134_rgb_022,225,225,3e619c7e45b749c5851b925bc7663c2ce541797bbb55131696c37905e1d990c6,Training/notumor/Tr-no_224.jpg,3
t0_0134,Training/notumor/Tr-no_232.jpg,C:\Users\pedro\Desktop\Projeto do TCC\Brain Tumor MRI Dataset\Training\notumor\Tr-no_232.jpg,notumor,.jpg,train,10180,20b0c7de1c131e75deff54e8f0c51eef6c48116cdcbf7bb1f47fc7e4c7f07ab1,225,225,RGB,1.0,3,c64f3fb07892612b,70f0d4d4d4d4f070,True,,JPEG,t0_0134_rgb_022,225,225,3e619c7e45b749c5851b925bc7663c2ce541797bbb55131696c37905e1d990c6,Training/notumor/Tr-no_224.jpg,3
t0_0134,Training/notumor/Tr-no_241.jpg,C:\Users\pedro\Desktop\Projeto do TCC\Brain Tumor MRI Dataset\Training\notumor\Tr-no_241.jpg,notumor,.jpg,train,9238,402fcfa164480358b2e92c40c9d41a18fbb132dca3a09cebe9a24d26cde2ea87,225,225,RGB,1.0,3,931a6ae52dc6347c,70f0d4d4d4d4f070,True,,JPEG,t0_0134_rgb_023,225,225,ee8467c928bda5bb01adef94e5d63596015269af43cbcb7af6a419f5a31fefe8,Training/notumor/Tr-no_241.jpg,1
t0_0134,Training/notumor/Tr-no_249.jpg,C:\Users\pedro\Desktop\Projeto do TCC\Brain Tumor MRI Dataset\Training\notumor\Tr-no_249.jpg,notumor,.jpg,train,7066,2fb6e98cd2077f00fb30d374250aec5186ce7ab75f38b16f5e3a906c44756f8a,225,225,RGB,1.0,3,c64f3fb07892612b,70f0d4d4d4d4f070,True,,JPEG,t0_0134_rgb_024,225,225,9e553008210d2788ef74d68b047501bd08ff1a51c065249e6e97a769816fc4e9,Training/notumor/Tr-no_249.jpg,1
t0_0134,Training/notumor/Tr-no_251.jpg,C:\Users\pedro\Desktop\Projeto do TCC\Brain Tumor MRI Dataset\Training\notumor\Tr-no_251.jpg,notumor,.jpg,train,54027,ff327029647fe54de0a6bcf042b5f4914eb71fa7d60647fd6aafefedf9fc7fdb,630,630,L,1.0,1,c34f3fb07892612b,70f0d4d4d4d4f070,True,,JPEG,t0_0134_rgb_025,630,630,f12198d9e792f7fb3fef523ef77090c65ee35635634ccc97cfaa14334a6e5e03,Training/notumor/Tr-no_251.jpg,1
t0_0134,Training/notumor/Tr-no_267.jpg,C:\Users\pedro\Desktop\Projeto do TCC\Brain Tumor MRI Dataset\Training\notumor\Tr-no_267.jpg,notumor,.jpg,train,8729,1f55f2b11d511fb1cc425db152b7932ad057c3783674512875ea9f4435787902,225,225,RGB,1.0,3,921a6ae52dc6347e,70f0d4d4d4d4f070,True,,JPEG,t0_0134_rgb_026,225,225,247e00317c908a4effda3093a27389c2b69c89422a421ef3080f8d72e5e78a41,Training/notumor/Tr-no_267.jpg,1
t0_0134,Training/notumor/Tr-no_29.jpg,C:\Users\pedro\Desktop\Projeto do TCC\Brain Tumor MRI Dataset\Training\notumor\Tr-no_29.jpg,notumor,.jpg,train,10180,20b0c7de1c131e75deff54e8f0c51eef6c48116cdcbf7bb1f47fc7e4c7f07ab1,225,225,RGB,1.0,3,c64f3fb07892612b,70f0d4d4d4d4f070,True,,JPEG,t0_0134_rgb_022,225,225,3e619c7e45b749c5851b925bc7663c2ce541797bbb55131696c37905e1d990c6,Training/notumor/Tr-no_224.jpg,3
t0_0134,Training/notumor/Tr-no_322.jpg,C:\Users\pedro\Desktop\Projeto do TCC\Brain Tumor MRI Dataset\Training\notumor\Tr-no_322.jpg,notumor,.jpg,train,30907,b2b557367e280104aa990ff5b1116471c9a0895e48c6bad01725b8b14c138fb2,630,630,L,1.0,1,921a6ae52dc6347e,70f0d4d4d4d4f070,True,,JPEG,t0_0134_rgb_027,630,630,be98203199dc13035bc6deac38290fb298d6268831f7bceb706627c729882590,Training/notumor/Tr-no_322.jpg,1
t0_0134,Training/notumor/Tr-no_339.jpg,C:\Users\pedro\Desktop\Projeto do TCC\Brain Tumor MRI Dataset\Training\notumor\Tr-no_339.jpg,notumor,.jpg,train,7161,0da2d14203ca846b6299fc07a0f42a3918afb25fbffeb573f491036b4d6f628e,225,225,RGB,1.0,3,c7b03f0f786c61c4,70f0d4d4d4d4f070,True,,JPEG,t0_0134_rgb_028,225,225,eaf5bba6c9eab17754f9ab8867453183b488c2e00695400b57bbefb3ec3e1caa,Training/notumor/Tr-no_339.jpg,1
t0_0134,Training/notumor/Tr-no_371.jpg,C:\Users\pedro\Desktop\Projeto do TCC\Brain Tumor MRI Dataset\Training\notumor\Tr-no_371.jpg,notumor,.jpg,train,61345,72f5f6723c7b92f641fb5d44513b6111c348e43005f8c1f4829f28eebd1117b2,630,630,RGB,1.0,3,c74f3fb078926129,70f0d4d4d4d4f070,True,,JPEG,t0_0134_rgb_013,630,630,eac5a3f76e8d6ba136843d0c034b592d667ebc8ea0df1fbdc088255368ae51e4,Training/notumor/Tr-no_1062.jpg,6
t0_0134,Training/notumor/Tr-no_46.jpg,C:\Users\pedro\Desktop\Projeto do TCC\Brain Tumor MRI Dataset\Training\notumor\Tr-no_46.jpg,notumor,.jpg,train,9149,ec6b7f977398cbd6e50c45a93032026314cef1d4414bc719f6c4e5146f313fac,225,225,RGB,1.0,3,c6b03f0f786c61d4,70f0d4d4d4d4f070,True,,JPEG,t0_0134_rgb_029,225,225,b9f9d0951156e6ad3dcbacfb6f146df81ad4d4765a092a2e1d2e65594c0b6e83,Training/notumor/Tr-no_46.jpg,1
t0_0134,Training/notumor/Tr-no_5.jpg,C:\Users\pedro\Desktop\Projeto do TCC\Brain Tumor MRI Dataset\Training\notumor\Tr-no_5.jpg,notumor,.jpg,train,55697,c1bf41ddb56396fd0e74b2eb7212c96a6a915ee86737c060c9db8e1439ff0390,630,630,RGB,1.0,3,c74f3fb078926129,70f0d4d4d4d4f070,True,,JPEG,t0_0134_rgb_013,630,630,eac5a3f76e8d6ba136843d0c034b592d667ebc8ea0df1fbdc088255368ae51e4,Training/notumor/Tr-no_1062.jpg,6
t0_0134,Training/notumor/Tr-no_611.jpg,C:\Users\pedro\Desktop\Projeto do TCC\Brain Tumor MRI Dataset\Training\notumor\Tr-no_611.jpg,notumor,.jpg,train,46099,3d2e27086db6e9797258b3d352df32cc3a4a20f6038a9bf18dbc1472915177a6,630,630,L,1.0,1,921a6ae52dc6347e,70f0d4d4d4d4f070,True,,JPEG,t0_0134_rgb_030,630,630,d329044c07f73b8484342b2a027356c5e04c873f7cadf5d4710f4714e0ee42c5,Training/notumor/Tr-no_611.jpg,1
t0_0134,Training/notumor/Tr-no_693.jpg,C:\Users\pedro\Desktop\Projeto do TCC\Brain Tumor MRI Dataset\Training\notumor\Tr-no_693.jpg,notumor,.jpg,train,55697,c1bf41ddb56396fd0e74b2eb7212c96a6a915ee86737c060c9db8e1439ff0390,630,630,RGB,1.0,3,c74f3fb078926129,70f0d4d4d4d4f070,True,,JPEG,t0_0134_rgb_013,630,630,eac5a3f76e8d6ba136843d0c034b592d667ebc8ea0df1fbdc088255368ae51e4,Training/notumor/Tr-no_1062.jpg,6
t0_0134,Training/notumor/Tr-no_709.jpg,C:\Users\pedro\Desktop\Projeto do TCC\Brain Tumor MRI Dataset\Training\notumor\Tr-no_709.jpg,notumor,.jpg,train,7131,102fa3d1e695596fe1dc29e98c8f75c4790a9ad436186fd18c628ad36f517531,225,225,RGB,1.0,3,931a6aa52dc6347e,70f0d4d4d4d4f070,True,,JPEG,t0_0134_rgb_031,225,225,362f5039084a43bef964b31d7d9ba9388fea0a5b28eee004b225f4409af3d0a1,Training/notumor/Tr-no_709.jpg,1
t0_0134,Training/notumor/Tr-no_82.jpg,C:\Users\pedro\Desktop\Projeto do TCC\Brain Tumor MRI Dataset\Training\notumor\Tr-no_82.jpg,notumor,.jpg,train,5188,a638ba6f81ce54a12698eeb5abda3ad60665ecb817d3d94ebeb5ffc73aff5a38,225,225,RGB,1.0,3,c64f3fb07892612b,70f0d4d4d4d4f070,True,,JPEG,t0_0134_rgb_032,225,225,4a1e7185c95752c03549670830b20b064785deeefdb3313675dacf5dcdbf6ea6,Training/notumor/Tr-no_82.jpg,1
