component_id,image_count,split_count,class_count,contains_reviewed_case,cross_split,different_class
t0_0020,7,2,2,True,True,True
t0_0134,39,2,1,False,True,False
t0_0180,21,2,1,False,True,False
t0_0178,19,2,1,False,True,False
t0_0139,17,2,1,False,True,False
t0_0158,16,2,1,False,True,False
t0_0207,12,2,1,False,True,False
t0_0145,11,2,1,False,True,False
t0_0325,11,2,1,False,True,False
t0_0195,10,2,1,False,True,False
t0_0141,9,2,1,False,True,False
t0_0149,8,2,1,False,True,False
t0_0153,8,2,1,False,True,False
t0_0179,8,2,1,False,True,False
t0_0329,8,2,1,False,True,False
t0_0154,7,2,1,False,True,False
t0_0159,7,2,1,False,True,False
t0_0285,7,2,1,False,True,False
t0_0297,7,2,1,False,True,False
t0_0121,6,2,1,False,True,False
t0_0130,6,2,1,False,True,False
t0_0164,6,2,1,False,True,False
t0_0192,6,2,1,False,True,False
t0_0198,6,2,1,False,True,False
t0_0237,6,2,1,False,True,False
t0_0238,6,2,1,False,True,False
t0_0260,6,2,1,False,True,False
t0_0272,6,2,1,False,True,False
t0_0288,6,2,1,False,True,False
t0_0029,5,2,1,False,True,False
t0_0057,5,2,1,False,True,False
t0_0132,5,2,1,False,True,False
t0_0136,5,2,1,False,True,False
t0_0140,5,2,1,False,True,False
t0_0155,5,2,1,False,True,False
t0_0183,5,2,1,False,True,False
t0_0188,5,2,1,False,True,False
t0_0189,5,2,1,False,True,False
t0_0201,5,2,1,False,True,False
t0_0210,5,2,1,False,True,False
t0_0226,5,2,1,False,True,False
t0_0240,5,2,1,False,True,False
t0_0249,5,2,1,False,True,False
t0_0253,5,2,1,False,True,False
t0_0290,5,2,1,False,True,False
t0_0291,5,2,1,False,True,False
t0_0294,5,2,1,False,True,False
t0_0304,5,2,1,False,True,False
t0_0319,5,2,1,False,True,False
t0_0333,5,2,1,False,True,False
t0_0027,4,2,1,False,True,False
t0_0039,4,2,1,False,True,False
t0_0047,4,2,1,False,True,False
t0_0058,4,2,1,False,True,False
t0_0059,4,2,1,False,True,False
t0_0064,4,2,1,False,True,False
t0_0069,4,2,1,False,True,False
t0_0122,4,2,1,False,True,False
t0_0125,4,2,1,False,True,False
t0_0131,4,2,1,False,True,False
t0_0135,4,2,1,False,True,False
t0_0147,4,2,1,False,True,False
t0_0161,4,2,1,False,True,False
t0_0181,4,2,1,False,True,False
t0_0182,4,2,1,False,True,False
t0_0185,4,2,1,False,True,False
t0_0186,4,2,1,False,True,False
t0_0190,4,2,1,False,True,False
t0_0191,4,2,1,False,True,False
t0_0193,4,2,1,False,True,False
t0_0206,4,2,1,False,True,False
t0_0211,4,2,1,False,True,False
t0_0220,4,2,1,False,True,False
t0_0228,4,2,1,False,True,False
t0_0232,4,2,1,False,True,False
t0_0234,4,2,1,False,True,False
t0_0245,4,2,1,False,True,False
t0_0248,4,2,1,False,True,False
t0_0261,4,2,1,False,True,False
t0_0265,4,2,1,False,True,False
t0_0276,4,2,1,False,True,False
t0_0277,4,2,1,False,True,False
t0_0280,4,2,1,False,True,False
t0_0283,4,2,1,False,True,False
t0_0287,4,2,1,False,True,False
t0_0299,4,2,1,False,True,False
t0_0303,4,2,1,False,True,False
t0_0309,4,2,1,False,True,False
t0_0310,4,2,1,False,True,False
t0_0318,4,2,1,False,True,False
t0_0321,4,2,1,False,True,False
t0_0323,4,2,1,False,True,False
t0_0330,4,2,1,False,True,False
t0_0331,4,2,1,False,True,False
t0_0338,4,2,1,False,True,False
t0_0017,3,2,1,False,True,False
t0_0118,3,2,1,False,True,False
t0_0124,3,2,1,False,True,False
t0_0127,3,2,1,False,True,False
t0_0133,3,2,1,False,True,False
t0_0148,3,2,1,False,True,False
t0_0152,3,2,1,False,True,False
t0_0157,3,2,1,False,True,False
t0_0165,3,2,1,False,True,False
t0_0167,3,2,1,False,True,False
t0_0173,3,2,1,False,True,False
t0_0175,3,2,1,False,True,False
t0_0177,3,2,1,False,True,False
t0_0187,3,2,1,False,True,False
t0_0194,3,2,1,False,True,False
t0_0197,3,2,1,False,True,False
t0_0199,3,2,1,False,True,False
t0_0203,3,2,1,False,True,False
t0_0208,3,2,1,False,True,False
t0_0209,3,2,1,False,True,False
t0_0212,3,2,1,False,True,False
t0_0214,3,2,1,False,True,False
t0_0219,3,2,1,False,True,False
t0_0221,3,2,1,False,True,False
t0_0222,3,2,1,False,True,False
t0_0224,3,2,1,False,True,False
t0_0235,3,2,1,False,True,False
t0_0239,3,2,1,False,True,False
t0_0243,3,2,1,False,True,False
t0_0247,3,2,1,False,True,False
t0_0254,3,2,1,False,True,False
t0_0256,3,2,1,False,True,False
t0_0257,3,2,1,False,True,False
t0_0263,3,2,1,False,True,False
t0_0266,3,2,1,False,True,False
t0_0273,3,2,1,False,True,False
t0_0274,3,2,1,False,True,False
t0_0275,3,2,1,False,True,False
t0_0278,3,2,1,False,True,False
t0_0279,3,2,1,False,True,False
t0_0286,3,2,1,False,True,False
t0_0289,3,2,1,False,True,False
t0_0292,3,2,1,False,True,False
t0_0296,3,2,1,False,True,False
t0_0308,3,2,1,False,True,False
t0_0311,3,2,1,False,True,False
t0_0312,3,2,1,False,True,False
t0_0313,3,2,1,False,True,False
t0_0320,3,2,1,False,True,False
t0_0332,3,2,1,False,True,False
t0_0337,3,2,1,False,True,False
t0_0339,3,2,1,False,True,False
t0_0341,3,2,1,False,True,False
t0_0007,2,2,1,False,True,False
t0_0014,2,2,1,False,True,False
t0_0018,2,2,1,False,True,False
t0_0021,2,2,1,False,True,False
t0_0022,2,2,1,False,True,False
t0_0023,2,2,1,False,True,False
t0_0024,2,2,1,False,True,False
t0_0025,2,2,1,False,True,False
t0_0026,2,2,1,False,True,False
t0_0028,2,2,1,False,True,False
t0_0030,2,2,1,False,True,False
t0_0031,2,2,1,False,True,False
t0_0032,2,2,1,False,True,False
t0_0033,2,2,1,False,True,False
t0_0034,2,2,1,False,True,False
t0_0035,2,2,1,False,True,False
t0_0036,2,2,1,False,True,False
t0_0037,2,2,1,False,True,False
t0_0038,2,2,1,False,True,False
t0_0040,2,2,1,False,True,False
t0_0041,2,2,1,False,True,False
t0_0042,2,2,1,False,True,False
t0_0043,2,2,1,False,True,False
t0_0044,2,2,1,False,True,False
t0_0045,2,2,1,False,True,False
t0_0046,2,2,1,False,True,False
t0_0048,2,2,1,False,True,False
t0_0049,2,2,1,False,True,False
t0_0051,2,2,1,False,True,False
t0_0052,2,2,1,False,True,False
t0_0053,2,2,1,False,True,False
t0_0054,2,2,1,False,True,False
t0_0055,2,2,1,False,True,False
t0_0056,2,2,1,False,True,False
t0_0060,2,2,1,False,True,False
t0_0061,2,2,1,False,True,False
t0_0062,2,2,1,False,True,False
t0_0063,2,2,1,False,True,False
t0_0065,2,2,1,False,True,False
t0_0066,2,2,1,False,True,False
t0_0067,2,2,1,False,True,False
t0_0068,2,2,1,False,True,False
t0_0070,2,2,1,False,True,False
t0_0071,2,2,1,False,True,False
t0_0072,2,2,1,False,True,False
t0_0073,2,2,1,False,True,False
t0_0074,2,2,1,False,True,False
t0_0075,2,2,1,False,True,False
t0_0076,2,2,1,False,True,False
t0_0077,2,2,1,False,True,False
t0_0078,2,2,1,False,True,False
t0_0079,2,2,1,False,True,False
t0_0080,2,2,1,False,True,False
t0_0081,2,2,1,False,True,False
t0_0082,2,2,1,False,True,False
t0_0083,2,2,1,False,True,False
t0_0084,2,2,1,False,True,False
t0_0085,2,2,1,False,True,False
t0_0086,2,2,1,False,True,False
t0_0087,2,2,1,False,True,False
t0_0088,2,2,1,False,True,False
t0_0089,2,2,1,False,True,False
t0_0090,2,2,1,False,True,False
t0_0091,2,2,1,False,True,False
t0_0092,2,2,1,False,True,False
t0_0093,2,2,1,False,True,False
t0_0095,2,2,1,False,True,False
t0_0096,2,2,1,False,True,False
t0_0097,2,2,1,False,True,False
t0_0098,2,2,1,False,True,False
t0_0099,2,2,1,False,True,False
t0_0100,2,2,1,False,True,False
t0_0101,2,2,1,False,True,False
t0_0102,2,2,1,False,True,False
t0_0103,2,2,1,False,True,False
t0_0104,2,2,1,False,True,False
t0_0105,2,2,1,False,True,False
t0_0106,2,2,1,False,True,False
t0_0107,2,2,1,False,True,False
t0_0108,2,2,1,False,True,False
t0_0109,2,2,1,False,True,False
t0_0110,2,2,1,False,True,False
t0_0111,2,2,1,False,True,False
t0_0112,2,2,1,False,True,False
t0_0113,2,2,1,False,True,False
t0_0114,2,2,1,False,True,False
t0_0115,2,2,1,False,True,False
t0_0116,2,2,1,False,True,False
t0_0117,2,2,1,False,True,False
t0_0119,2,2,1,False,True,False
t0_0126,2,2,1,False,True,False
t0_0128,2,2,1,False,True,False
t0_0129,2,2,1,False,True,False
t0_0137,2,2,1,False,True,False
t0_0142,2,2,1,False,True,False
t0_0143,2,2,1,False,True,False
t0_0146,2,2,1,False,True,False
t0_0150,2,2,1,False,True,False
t0_0151,2,2,1,False,True,False
t0_0162,2,2,1,False,True,False
t0_0163,2,2,1,False,True,False
t0_0166,2,2,1,False,True,False
t0_0168,2,2,1,False,True,False
t0_0170,2,2,1,False,True,False
t0_0172,2,2,1,False,True,False
t0_0174,2,2,1,False,True,False
t0_0176,2,2,1,False,True,False
t0_0184,2,2,1,False,True,False
t0_0200,2,2,1,False,True,False
t0_0204,2,2,1,False,True,False
t0_0215,2,2,1,False,True,False
t0_0216,2,2,1,False,True,False
t0_0217,2,2,1,False,True,False
t0_0218,2,2,1,False,True,False
t0_0227,2,2,1,False,True,False
t0_0230,2,2,1,False,True,False
t0_0231,2,2,1,False,True,False
t0_0233,2,2,1,False,True,False
t0_0236,2,2,1,False,True,False
t0_0241,2,2,1,False,True,False
t0_0242,2,2,1,False,True,False
t0_0244,2,2,1,False,True,False
t0_0246,2,2,1,False,True,False
t0_0251,2,2,1,False,True,False
t0_0252,2,2,1,False,True,False
t0_0258,2,2,1,False,True,False
t0_0262,2,2,1,False,True,False
t0_0264,2,2,1,False,True,False
t0_0268,2,2,1,False,True,False
t0_0269,2,2,1,False,True,False
t0_0271,2,2,1,False,True,False
t0_0281,2,2,1,False,True,False
t0_0282,2,2,1,False,True,False
t0_0284,2,2,1,False,True,False
t0_0293,2,2,1,False,True,False
t0_0295,2,2,1,False,True,False
t0_0298,2,2,1,False,True,False
t0_0300,2,2,1,False,True,False
t0_0301,2,2,1,False,True,False
t0_0302,2,2,1,False,True,False
t0_0305,2,2,1,False,True,False
t0_0306,2,2,1,False,True,False
t0_0314,2,2,1,False,True,False
t0_0315,2,2,1,False,True,False
t0_0316,2,2,1,False,True,False
t0_0317,2,2,1,False,True,False
t0_0322,2,2,1,False,True,False
t0_0324,2,2,1,False,True,False
t0_0326,2,2,1,False,True,False
t0_0327,2,2,1,False,True,False
t0_0328,2,2,1,False,True,False
t0_0334,2,2,1,False,True,False
t0_0335,2,2,1,False,True,False
t0_0336,2,2,1,False,True,False
t0_0340,2,2,1,False,True,False
t0_0342,2,2,1,False,True,False
t0_0343,2,2,1,False,True,False
t0_0344,2,2,1,False,True,False
t0_0345,2,2,1,False,True,False
t0_0346,2,2,1,False,True,False
t0_0382,12,1,1,False,False,False
t0_0386,10,1,1,False,False,False
t0_0392,8,1,1,False,False,False
t0_0406,8,1,1,False,False,False
t0_0394,6,1,1,False,False,False
t0_0420,6,1,1,False,False,False
t0_0426,6,1,1,False,False,False
t0_0572,6,1,1,False,False,False
t0_0378,5,1,1,False,False,False
t0_0404,5,1,1,False,False,False
t0_0411,5,1,1,False,False,False
t0_0419,5,1,1,False,False,False
t0_0437,5,1,1,False,False,False
t0_0473,5,1,1,False,False,False
t0_0533,5,1,1,False,False,False
t0_0580,5,1,1,False,False,False
t0_0225,4,1,1,False,False,False
t0_0387,4,1,1,False,False,False
t0_0398,4,1,1,False,False,False
t0_0401,4,1,1,False,False,False
t0_0405,4,1,1,False,False,False
t0_0412,4,1,1,False,False,False
t0_0413,4,1,1,False,False,False
t0_0414,4,1,1,False,False,False
t0_0423,4,1,1,False,False,False
t0_0428,4,1,1,False,False,False
t0_0432,4,1,1,False,False,False
t0_0449,4,1,1,False,False,False
t0_0456,4,1,1,False,False,False
t0_0470,4,1,1,False,False,False
t0_0483,4,1,1,False,False,False
t0_0491,4,1,1,False,False,False
t0_0494,4,1,1,False,False,False
t0_0514,4,1,1,False,False,False
t0_0523,4,1,1,False,False,False
t0_0565,4,1,1,False,False,False
t0_0574,4,1,1,False,False,False
t0_0589,4,1,1,False,False,False
t0_0002,3,1,1,False,False,False
t0_0012,3,1,1,False,False,False
t0_0138,3,1,1,False,False,False
t0_0144,3,1,1,False,False,False
t0_0156,3,1,1,False,False,False
t0_0196,3,1,1,False,False,False
t0_0205,3,1,1,False,False,False
t0_0213,3,1,1,False,False,False
t0_0250,3,1,1,False,False,False
t0_0380,3,1,1,False,False,False
t0_0383,3,1,1,False,False,False
t0_0390,3,1,1,False,False,False
t0_0400,3,1,1,False,False,False
t0_0410,3,1,1,False,False,False
t0_0415,3,1,1,False,False,False
t0_0418,3,1,1,False,False,False
t0_0422,3,1,1,False,False,False
t0_0424,3,1,1,False,False,False
t0_0430,3,1,1,False,False,False
t0_0434,3,1,1,False,False,False
t0_0441,3,1,1,False,False,False
t0_0445,3,1,1,False,False,False
t0_0446,3,1,1,False,False,False
t0_0447,3,1,1,False,False,False
t0_0457,3,1,1,False,False,False
t0_0460,3,1,1,False,False,False
t0_0461,3,1,1,False,False,False
t0_0462,3,1,1,False,False,False
t0_0469,3,1,1,False,False,False
t0_0474,3,1,1,False,False,False
t0_0476,3,1,1,False,False,False
t0_0478,3,1,1,False,False,False
t0_0481,3,1,1,False,False,False
t0_0489,3,1,1,False,False,False
t0_0495,3,1,1,False,False,False
t0_0500,3,1,1,False,False,False
t0_0510,3,1,1,False,False,False
t0_0512,3,1,1,False,False,False
t0_0529,3,1,1,False,False,False
t0_0544,3,1,1,False,False,False
t0_0557,3,1,1,False,False,False
t0_0566,3,1,1,False,False,False
t0_0569,3,1,1,False,False,False
t0_0578,3,1,1,False,False,False
t0_0590,3,1,1,False,False,False
t0_0592,3,1,1,False,False,False
t0_0601,3,1,1,False,False,False
t0_0001,2,1,1,False,False,False
t0_0003,2,1,1,False,False,False
t0_0004,2,1,1,False,False,False
t0_0005,2,1,1,False,False,False
t0_0006,2,1,1,False,False,False
t0_0008,2,1,1,False,False,False
t0_0009,2,1,1,False,False,False
t0_0010,2,1,1,False,False,False
t0_0011,2,1,1,False,False,False
t0_0013,2,1,1,False,False,False
t0_0015,2,1,1,False,False,False
t0_0016,2,1,1,False,False,False
t0_0019,2,1,1,False,False,False
t0_0050,2,1,1,False,False,False
t0_0094,2,1,1,False,False,False
t0_0120,2,1,1,False,False,False
t0_0123,2,1,1,False,False,False
t0_0160,2,1,1,False,False,False
t0_0169,2,1,1,False,False,False
t0_0171,2,1,1,False,False,False
t0_0202,2,1,1,False,False,False
t0_0223,2,1,1,False,False,False
t0_0229,2,1,1,False,False,False
t0_0255,2,1,1,False,False,False
t0_0259,2,1,1,False,False,False
t0_0267,2,1,1,False,False,False
t0_0270,2,1,1,False,False,False
t0_0307,2,1,1,False,False,False
t0_0347,2,1,1,False,False,False
t0_0348,2,1,1,False,False,False
t0_0349,2,1,1,False,False,False
t0_0350,2,1,1,False,False,False
t0_0351,2,1,1,False,False,False
t0_0352,2,1,1,False,False,False
t0_0353,2,1,1,False,False,False
t0_0354,2,1,1,False,False,False
t0_0355,2,1,1,False,False,False
t0_0356,2,1,1,False,False,False
t0_0357,2,1,1,False,False,False
t0_0358,2,1,1,False,False,False
t0_0359,2,1,1,False,False,False
t0_0360,2,1,1,False,False,False
t0_0361,2,1,1,False,False,False
t0_0362,2,1,1,False,False,False
t0_0363,2,1,1,False,False,False
t0_0364,2,1,1,False,False,False
t0_0365,2,1,1,False,False,False
t0_0366,2,1,1,False,False,False
t0_0367,2,1,1,False,False,False
t0_0368,2,1,1,False,False,False
t0_0369,2,1,1,False,False,False
t0_0370,2,1,1,False,False,False
t0_0371,2,1,1,False,False,False
t0_0372,2,1,1,False,False,False
t0_0373,2,1,1,False,False,False
t0_0374,2,1,1,False,False,False
t0_0375,2,1,1,False,False,False
t0_0376,2,1,1,False,False,False
t0_0377,2,1,1,False,False,False
t0_0379,2,1,1,False,False,False
t0_0381,2,1,1,False,False,False
t0_0384,2,1,1,False,False,False
t0_0385,2,1,1,False,False,False
t0_0388,2,1,1,False,False,False
t0_0389,2,1,1,False,False,False
t0_0391,2,1,1,False,False,False
t0_0393,2,1,1,False,False,False
t0_0395,2,1,1,False,False,False
t0_0396,2,1,1,False,False,False
t0_0397,2,1,1,False,False,False
t0_0399,2,1,1,False,False,False
t0_0402,2,1,1,False,False,False
t0_0403,2,1,1,False,False,False
t0_0407,2,1,1,False,False,False
t0_0408,2,1,1,False,False,False
t0_0409,2,1,1,False,False,False
t0_0416,2,1,1,False,False,False
t0_0417,2,1,1,False,False,False
t0_0421,2,1,1,False,False,False
t0_0425,2,1,1,False,False,False
t0_0427,2,1,1,False,False,False
t0_0429,2,1,1,False,False,False
t0_0431,2,1,1,False,False,False
t0_0433,2,1,1,False,False,False
t0_0435,2,1,1,False,False,False
t0_0436,2,1,1,False,False,False
t0_0438,2,1,1,False,False,False
t0_0439,2,1,1,False,False,False
t0_0440,2,1,1,False,False,False
t0_0442,2,1,1,False,False,False
t0_0443,2,1,1,False,False,False
t0_0444,2,1,1,False,False,False
t0_0448,2,1,1,False,False,False
t0_0450,2,1,1,False,False,False
t0_0451,2,1,1,False,False,False
t0_0452,2,1,1,False,False,False
t0_0453,2,1,1,False,False,False
t0_0454,2,1,1,False,False,False
t0_0455,2,1,1,False,False,False
t0_0458,2,1,1,False,False,False
t0_0459,2,1,1,False,False,False
t0_0463,2,1,1,False,False,False
t0_0464,2,1,1,False,False,False
t0_0465,2,1,1,False,False,False
t0_0466,2,1,1,False,False,False
t0_0467,2,1,1,False,False,False
t0_0468,2,1,1,False,False,False
t0_0471,2,1,1,False,False,False
t0_0472,2,1,1,False,False,False
t0_0475,2,1,1,False,False,False
t0_0477,2,1,1,False,False,False
t0_0479,2,1,1,False,False,False
t0_0480,2,1,1,False,False,False
t0_0482,2,1,1,False,False,False
t0_0484,2,1,1,False,False,False
t0_0485,2,1,1,False,False,False
t0_0486,2,1,1,False,False,False
t0_0487,2,1,1,False,False,False
t0_0488,2,1,1,False,False,False
t0_0490,2,1,1,False,False,False
t0_0492,2,1,1,False,False,False
t0_0493,2,1,1,False,False,False
t0_0496,2,1,1,False,False,False
t0_0497,2,1,1,False,False,False
t0_0498,2,1,1,False,False,False
t0_0499,2,1,1,False,False,False
t0_0501,2,1,1,False,False,False
t0_0502,2,1,1,False,False,False
t0_0503,2,1,1,False,False,False
t0_0504,2,1,1,False,False,False
t0_0505,2,1,1,False,False,False
t0_0506,2,1,1,False,False,False
t0_0507,2,1,1,False,False,False
t0_0508,2,1,1,False,False,False
t0_0509,2,1,1,False,False,False
t0_0511,2,1,1,False,False,False
t0_0513,2,1,1,False,False,False
t0_0515,2,1,1,False,False,False
t0_0516,2,1,1,False,False,False
t0_0517,2,1,1,False,False,False
t0_0518,2,1,1,False,False,False
t0_0519,2,1,1,False,False,False
t0_0520,2,1,1,False,False,False
t0_0521,2,1,1,False,False,False
t0_0522,2,1,1,False,False,False
t0_0524,2,1,1,False,False,False
t0_0525,2,1,1,False,False,False
t0_0526,2,1,1,False,False,False
t0_0527,2,1,1,False,False,False
t0_0528,2,1,1,False,False,False
t0_0530,2,1,1,False,False,False
t0_0531,2,1,1,False,False,False
t0_0532,2,1,1,False,False,False
t0_0534,2,1,1,False,False,False
t0_0535,2,1,1,False,False,False
t0_0536,2,1,1,False,False,False
t0_0537,2,1,1,False,False,False
t0_0538,2,1,1,False,False,False
t0_0539,2,1,1,False,False,False
t0_0540,2,1,1,False,False,False
t0_0541,2,1,1,False,False,False
t0_0542,2,1,1,False,False,False
t0_0543,2,1,1,False,False,False
t0_0545,2,1,1,False,False,False
t0_0546,2,1,1,False,False,False
t0_0547,2,1,1,False,False,False
t0_0548,2,1,1,False,False,False
t0_0549,2,1,1,False,False,False
t0_0550,2,1,1,False,False,False
t0_0551,2,1,1,False,False,False
t0_0552,2,1,1,False,False,False
t0_0553,2,1,1,False,False,False
t0_0554,2,1,1,False,False,False
t0_0555,2,1,1,False,False,False
t0_0556,2,1,1,False,False,False
t0_0558,2,1,1,False,False,False
t0_0559,2,1,1,False,False,False
t0_0560,2,1,1,False,False,False
t0_0561,2,1,1,False,False,False
t0_0562,2,1,1,False,False,False
t0_0563,2,1,1,False,False,False
t0_0564,2,1,1,False,False,False
t0_0567,2,1,1,False,False,False
t0_0568,2,1,1,False,False,False
t0_0570,2,1,1,False,False,False
t0_0571,2,1,1,False,False,False
t0_0573,2,1,1,False,False,False
t0_0575,2,1,1,False,False,False
t0_0576,2,1,1,False,False,False
t0_0577,2,1,1,False,False,False
t0_0579,2,1,1,False,False,False
t0_0581,2,1,1,False,False,False
t0_0582,2,1,1,False,False,False
t0_0583,2,1,1,False,False,False
t0_0584,2,1,1,False,False,False
t0_0585,2,1,1,False,False,False
t0_0586,2,1,1,False,False,False
t0_0587,2,1,1,False,False,False
t0_0588,2,1,1,False,False,False
t0_0591,2,1,1,False,False,False
t0_0593,2,1,1,False,False,False
t0_0594,2,1,1,False,False,False
t0_0595,2,1,1,False,False,False
t0_0596,2,1,1,False,False,False
t0_0597,2,1,1,False,False,False
t0_0598,2,1,1,False,False,False
t0_0599,2,1,1,False,False,False
t0_0600,2,1,1,False,False,False
t0_0602,2,1,1,False,False,False
t0_0603,2,1,1,False,False,False
t0_0604,2,1,1,False,False,False
t0_0605,2,1,1,False,False,False
t0_0606,2,1,1,False,False,False
t0_0607,2,1,1,False,False,False
