relative_path_a,relative_path_b,split_a,split_b,class_a,class_b,min_phash_distance,min_dhash_distance,cross_split,different_class
Testing/glioma/Te-gl_160.jpg,Training/meningioma/Tr-me_1122.jpg,Testing,Training,glioma,meningioma,0,0,True,True
Testing/glioma/Te-gl_160.jpg,Testing/meningioma/Te-me_159.jpg,Testing,Testing,glioma,meningioma,0,0,False,True
Testing/glioma/Te-gl_68.jpg,Training/meningioma/Tr-me_468.jpg,Testing,Training,glioma,meningioma,0,0,True,True
Testing/glioma/Te-gl_68.jpg,Testing/meningioma/Te-me_50.jpg,Testing,Testing,glioma,meningioma,0,0,False,True
Testing/glioma/Te-gl_68.jpg,Training/meningioma/Tr-me_714.jpg,Testing,Training,glioma,meningioma,0,0,True,True
Testing/glioma/Te-gl_68.jpg,Testing/meningioma/Te-me_61.jpg,Testing,Testing,glioma,meningioma,0,0,False,True
Testing/glioma/Te-gl_68.jpg,Training/meningioma/Tr-me_458.jpg,Testing,Training,glioma,meningioma,0,0,True,True
Testing/glioma/Te-gl_68.jpg,Testing/meningioma/Te-me_96.jpg,Testing,Testing,glioma,meningioma,0,0,False,True
Testing/meningioma/Te-me_115.jpg,Testing/pituitary/Te-pi_206.jpg,Testing,Testing,meningioma,pituitary,0,0,False,True
Testing/meningioma/Te-me_23.jpg,Training/glioma/Tr-gl_1208.jpg,Testing,Training,meningioma,glioma,12,0,True,True
Training/glioma/Tr-gl_1208.jpg,Training/meningioma/Tr-me_257.jpg,Training,Training,glioma,meningioma,12,0,False,True
Training/meningioma/Tr-me_105.jpg,Training/pituitary/Tr-pi_1023.jpg,Training,Training,meningioma,pituitary,0,1,False,True
Training/meningioma/Tr-me_105.jpg,Training/pituitary/Tr-pi_1207.jpg,Training,Training,meningioma,pituitary,0,1,False,True
Training/meningioma/Tr-me_105.jpg,Training/pituitary/Tr-pi_991.jpg,Training,Training,meningioma,pituitary,0,1,False,True
Training/meningioma/Tr-me_105.jpg,Training/pituitary/Tr-pi_1071.jpg,Training,Training,meningioma,pituitary,0,1,False,True
Training/meningioma/Tr-me_116.jpg,Training/pituitary/Tr-pi_1320.jpg,Training,Training,meningioma,pituitary,0,0,False,True
Training/meningioma/Tr-me_116.jpg,Training/pituitary/Tr-pi_1133.jpg,Training,Training,meningioma,pituitary,0,0,False,True
Training/meningioma/Tr-me_409.jpg,Training/pituitary/Tr-pi_1309.jpg,Training,Training,meningioma,pituitary,0,0,False,True
Training/meningioma/Tr-me_409.jpg,Training/pituitary/Tr-pi_261.jpg,Training,Training,meningioma,pituitary,0,0,False,True
Training/meningioma/Tr-me_533.jpg,Training/pituitary/Tr-pi_91.jpg,Training,Training,meningioma,pituitary,0,0,False,True
Training/meningioma/Tr-me_964.jpg,Training/pituitary/Tr-pi_1380.jpg,Training,Training,meningioma,pituitary,0,0,False,True
Training/meningioma/Tr-me_964.jpg,Training/pituitary/Tr-pi_1155.jpg,Training,Training,meningioma,pituitary,0,0,False,True
Training/meningioma/Tr-me_964.jpg,Training/pituitary/Tr-pi_1098.jpg,Training,Training,meningioma,pituitary,0,0,False,True
