relative_path_a,relative_path_b,split_a,split_b,class_a,class_b,min_phash_distance,min_dhash_distance,cross_split,different_class,mean_absolute_difference,ssim,best_rotation_b,sugestao_revisao
Testing/glioma/Te-gl_160.jpg,Training/meningioma/Tr-me_1122.jpg,Testing,Training,glioma,meningioma,0,0,True,True,2.8314,0.9753,0,provavel_duplicata (pixels e estrutura concordam)
Testing/glioma/Te-gl_160.jpg,Testing/meningioma/Te-me_159.jpg,Testing,Testing,glioma,meningioma,0,0,False,True,2.8314,0.9753,0,provavel_duplicata (pixels e estrutura concordam)
Testing/glioma/Te-gl_68.jpg,Training/meningioma/Tr-me_714.jpg,Testing,Training,glioma,meningioma,0,0,True,True,1.6441,0.9723,0,provavel_duplicata (pixels e estrutura concordam)
Testing/glioma/Te-gl_68.jpg,Testing/meningioma/Te-me_61.jpg,Testing,Testing,glioma,meningioma,0,0,False,True,1.6441,0.9723,0,provavel_duplicata (pixels e estrutura concordam)
Testing/glioma/Te-gl_68.jpg,Training/meningioma/Tr-me_458.jpg,Testing,Training,glioma,meningioma,0,0,True,True,1.6437,0.9722,0,provavel_duplicata (pixels e estrutura concordam)
Testing/glioma/Te-gl_68.jpg,Testing/meningioma/Te-me_96.jpg,Testing,Testing,glioma,meningioma,0,0,False,True,1.6437,0.9722,0,provavel_duplicata (pixels e estrutura concordam)
Testing/glioma/Te-gl_68.jpg,Training/meningioma/Tr-me_468.jpg,Testing,Training,glioma,meningioma,0,0,True,True,2.5597,0.9347,0,provavel_duplicata (pixels e estrutura concordam)
Testing/glioma/Te-gl_68.jpg,Testing/meningioma/Te-me_50.jpg,Testing,Testing,glioma,meningioma,0,0,False,True,2.5597,0.9347,0,provavel_duplicata (pixels e estrutura concordam)
Training/meningioma/Tr-me_105.jpg,Training/pituitary/Tr-pi_991.jpg,Training,Training,meningioma,pituitary,0,1,False,True,9.3284,0.728,0,possiveis_imagens_diferentes (cuidado com diluicao do fundo no MAE)
Training/meningioma/Tr-me_105.jpg,Training/pituitary/Tr-pi_1207.jpg,Training,Training,meningioma,pituitary,0,1,False,True,9.3284,0.728,0,possiveis_imagens_diferentes (cuidado com diluicao do fundo no MAE)
Training/meningioma/Tr-me_105.jpg,Training/pituitary/Tr-pi_1023.jpg,Training,Training,meningioma,pituitary,0,1,False,True,9.3284,0.728,0,possiveis_imagens_diferentes (cuidado com diluicao do fundo no MAE)
Training/meningioma/Tr-me_105.jpg,Training/pituitary/Tr-pi_1071.jpg,Training,Training,meningioma,pituitary,0,1,False,True,9.3284,0.728,0,possiveis_imagens_diferentes (cuidado com diluicao do fundo no MAE)
Training/meningioma/Tr-me_116.jpg,Training/pituitary/Tr-pi_1320.jpg,Training,Training,meningioma,pituitary,0,0,False,True,9.9813,0.6828,0,possiveis_imagens_diferentes (cuidado com diluicao do fundo no MAE)
Training/meningioma/Tr-me_116.jpg,Training/pituitary/Tr-pi_1133.jpg,Training,Training,meningioma,pituitary,0,0,False,True,9.9813,0.6828,0,possiveis_imagens_diferentes (cuidado com diluicao do fundo no MAE)
Testing/meningioma/Te-me_23.jpg,Training/glioma/Tr-gl_1208.jpg,Testing,Training,meningioma,glioma,12,0,True,True,14.2703,0.656,0,possiveis_imagens_diferentes (cuidado com diluicao do fundo no MAE)
Training/meningioma/Tr-me_409.jpg,Training/pituitary/Tr-pi_1309.jpg,Training,Training,meningioma,pituitary,0,0,False,True,11.9042,0.6334,0,possiveis_imagens_diferentes (cuidado com diluicao do fundo no MAE)
Training/meningioma/Tr-me_409.jpg,Training/pituitary/Tr-pi_261.jpg,Training,Training,meningioma,pituitary,0,0,False,True,11.9042,0.6334,0,possiveis_imagens_diferentes (cuidado com diluicao do fundo no MAE)
Testing/meningioma/Te-me_115.jpg,Testing/pituitary/Te-pi_206.jpg,Testing,Testing,meningioma,pituitary,0,0,False,True,14.442,0.626,0,possiveis_imagens_diferentes (cuidado com diluicao do fundo no MAE)
Training/glioma/Tr-gl_1208.jpg,Training/meningioma/Tr-me_257.jpg,Training,Training,glioma,meningioma,12,0,False,True,15.1924,0.6225,0,possiveis_imagens_diferentes (cuidado com diluicao do fundo no MAE)
Training/meningioma/Tr-me_533.jpg,Training/pituitary/Tr-pi_91.jpg,Training,Training,meningioma,pituitary,0,0,False,True,13.182,0.6149,0,possiveis_imagens_diferentes (cuidado com diluicao do fundo no MAE)
Training/meningioma/Tr-me_964.jpg,Training/pituitary/Tr-pi_1380.jpg,Training,Training,meningioma,pituitary,0,0,False,True,14.4786,0.6041,0,possiveis_imagens_diferentes (cuidado com diluicao do fundo no MAE)
Training/meningioma/Tr-me_964.jpg,Training/pituitary/Tr-pi_1155.jpg,Training,Training,meningioma,pituitary,0,0,False,True,14.4786,0.6041,0,possiveis_imagens_diferentes (cuidado com diluicao do fundo no MAE)
Training/meningioma/Tr-me_964.jpg,Training/pituitary/Tr-pi_1098.jpg,Training,Training,meningioma,pituitary,0,0,False,True,14.4786,0.6041,0,possiveis_imagens_diferentes (cuidado com diluicao do fundo no MAE)
