cluster_id,relative_path_a,relative_path_b,visual_assessment,observation,ssim,mean_absolute_difference
c_1173,Testing/notumor/Te-no_271.jpg,Training/notumor/Tr-no_46.jpg,provavel_duplicata_visual_com_rotacao,,0.8900204950989266,5.550301234567901
c_1173,Testing/notumor/Te-no_271.jpg,Training/notumor/Tr-no_241.jpg,provavel_duplicata_visual,,0.8894095527865313,5.597135802469136
c_1173,Testing/notumor/Te-no_388.jpg,Training/notumor/Tr-no_21.jpg,provavel_duplicata_visual,,0.8078620903809044,23.260444444444445
c_1173,Testing/notumor/Te-no_140.jpg,Training/notumor/Tr-no_1124.jpg,provavel_duplicata_visual_com_rotacao,,0.8022332929481184,23.3297975308642
c_1173,Testing/notumor/Te-no_275.jpg,Training/notumor/Tr-no_267.jpg,provavel_duplicata_visual,,0.8020934976528521,23.23468641975309
c_1173,Testing/notumor/Te-no_113.jpg,Training/notumor/Tr-no_1124.jpg,provavel_duplicata_visual,,,23.2769975308642
c_1173,Testing/notumor/Te-no_113.jpg,Training/notumor/Tr-no_1138.jpg,provavel_duplicata_visual_com_rotacao,,,4.591130864197531
c_1173,Testing/notumor/Te-no_113.jpg,Training/notumor/Tr-no_1252.jpg,provavel_duplicata_visual_com_rotacao,Forte correspondencia visual na orientacao exibida. Par entre treino e teste; igualdade de pixels nao confirmada.,,
c_1173,Testing/notumor/Te-no_113.jpg,Training/notumor/Tr-no_1257.jpg,provavel_duplicata_visual_com_rotacao,,,23.29611851851852
c_1173,Testing/notumor/Te-no_140.jpg,Training/notumor/Tr-no_1252.jpg,provavel_duplicata_visual,,,4.121797530864198
c_1173,Testing/notumor/Te-no_189.jpg,Training/notumor/Tr-no_1102.jpg,provavel_duplicata_visual_com_rotacao,,,4.066350617283951
c_1173,Testing/notumor/Te-no_189.jpg,Training/notumor/Tr-no_241.jpg,provavel_duplicata_visual,,,4.031841975308642
c_1173,Testing/notumor/Te-no_189.jpg,Training/notumor/Tr-no_267.jpg,provavel_duplicata_visual,,,3.906725925925926
c_1173,Testing/notumor/Te-no_189.jpg,Training/notumor/Tr-no_46.jpg,provavel_duplicata_visual_com_rotacao,,,4.187437037037037
c_1173,Testing/notumor/Te-no_189.jpg,Training/notumor/Tr-no_611.jpg,provavel_duplicata_visual,,,5.262558024691358
c_1173,Testing/notumor/Te-no_209.jpg,Training/notumor/Tr-no_1124.jpg,provavel_duplicata_visual,Forte correspondencia visual com a referencia na orientacao exibida. Par entre treino e teste.,,
c_1173,Testing/notumor/Te-no_209.jpg,Training/notumor/Tr-no_224.jpg,provavel_duplicata_visual_com_rotacao,Forte correspondencia visual com a referencia na orientacao exibida. Par entre treino e teste.,,
c_1173,Testing/notumor/Te-no_209.jpg,Training/notumor/Tr-no_82.jpg,provavel_duplicata_visual_com_rotacao,Forte correspondencia visual com a referencia na orientacao exibida. Par entre treino e teste.,,
c_1173,Testing/notumor/Te-no_209.jpg,Training/notumor/Tr-no_1071.jpg,provavel_duplicata_visual,,,23.31431111111111
c_1173,Testing/notumor/Te-no_209.jpg,Training/notumor/Tr-no_1138.jpg,provavel_duplicata_visual,,,23.31036049382716
c_1173,Testing/notumor/Te-no_209.jpg,Training/notumor/Tr-no_1257.jpg,provavel_duplicata_visual_com_rotacao,Forte correspondencia visual na orientacao exibida. Par entre treino e teste; igualdade de pixels nao confirmada.,,
c_1173,Testing/notumor/Te-no_209.jpg,Training/notumor/Tr-no_21.jpg,provavel_duplicata_visual_com_rotacao,"Forte correspondencia visual apos rotacao de 180 graus. Par entre treino e teste, ambos rotulados como notumor.",,2.139279012345679
c_1173,Testing/notumor/Te-no_209.jpg,Training/notumor/Tr-no_249.jpg,provavel_duplicata_visual_com_rotacao,,,2.989353086419753
c_1173,Testing/notumor/Te-no_209.jpg,Training/notumor/Tr-no_251.jpg,provavel_duplicata_visual_com_rotacao,,,5.334617283950617
c_1173,Testing/notumor/Te-no_260.jpg,Training/notumor/Tr-no_1027.jpg,provavel_duplicata_visual_com_rotacao,,,4.24077037037037
c_1173,Testing/notumor/Te-no_260.jpg,Training/notumor/Tr-no_1102.jpg,provavel_duplicata_visual_com_rotacao,,,3.70960987654321
c_1173,Testing/notumor/Te-no_260.jpg,Training/notumor/Tr-no_241.jpg,provavel_duplicata_visual,,,4.703565432098766
c_1173,Testing/notumor/Te-no_260.jpg,Training/notumor/Tr-no_267.jpg,provavel_duplicata_visual,,,3.3182814814814816
c_1173,Testing/notumor/Te-no_260.jpg,Training/notumor/Tr-no_46.jpg,provavel_duplicata_visual_com_rotacao,,,4.817955555555556
c_1173,Testing/notumor/Te-no_271.jpg,Training/notumor/Tr-no_1027.jpg,provavel_duplicata_visual_com_rotacao,,,4.863604938271605
c_1173,Testing/notumor/Te-no_271.jpg,Training/notumor/Tr-no_1102.jpg,provavel_duplicata_visual_com_rotacao,,,4.3554765432098765
c_1173,Testing/notumor/Te-no_271.jpg,Training/notumor/Tr-no_267.jpg,provavel_duplicata_visual,,,4.367664197530864
c_1173,Testing/notumor/Te-no_271.jpg,Training/notumor/Tr-no_322.jpg,provavel_duplicata_visual,,,23.07899259259259
c_1173,Testing/notumor/Te-no_275.jpg,Training/notumor/Tr-no_203.jpg,provavel_duplicata_visual_com_rotacao,Forte correspondencia de contornos e detalhes na orientacao exibida. Par entre treino e teste.,,
c_1173,Testing/notumor/Te-no_275.jpg,Training/notumor/Tr-no_709.jpg,provavel_duplicata_visual,Forte correspondencia de contornos e detalhes na orientacao exibida. Par entre treino e teste.,,
c_1173,Testing/notumor/Te-no_275.jpg,Training/notumor/Tr-no_1102.jpg,provavel_duplicata_visual_com_rotacao,,,23.295743209876544
c_1173,Testing/notumor/Te-no_275.jpg,Training/notumor/Tr-no_322.jpg,provavel_duplicata_visual,,,2.990083950617284
c_1173,Testing/notumor/Te-no_275.jpg,Training/notumor/Tr-no_339.jpg,provavel_duplicata_visual_com_rotacao,Forte correspondencia visual na orientacao exibida. Par entre treino e teste; igualdade de pixels nao confirmada.,,
c_1173,Testing/notumor/Te-no_334.jpg,Training/notumor/Tr-no_1071.jpg,provavel_duplicata_visual,,,4.418034567901235
c_1173,Testing/notumor/Te-no_334.jpg,Training/notumor/Tr-no_1124.jpg,provavel_duplicata_visual,,,23.183545679012347
c_1173,Testing/notumor/Te-no_334.jpg,Training/notumor/Tr-no_1138.jpg,provavel_duplicata_visual_com_rotacao,,,4.689362962962963
c_1173,Testing/notumor/Te-no_334.jpg,Training/notumor/Tr-no_1252.jpg,provavel_duplicata_visual_com_rotacao,,,3.701649382716049
c_1173,Testing/notumor/Te-no_351.jpg,Training/notumor/Tr-no_1027.jpg,provavel_duplicata_visual_com_rotacao,,,4.628385185185185
c_1173,Testing/notumor/Te-no_351.jpg,Training/notumor/Tr-no_1102.jpg,provavel_duplicata_visual,,,4.121204938271605
c_1173,Testing/notumor/Te-no_351.jpg,Training/notumor/Tr-no_241.jpg,provavel_duplicata_visual_com_rotacao,,,5.2590814814814815
c_1173,Testing/notumor/Te-no_351.jpg,Training/notumor/Tr-no_267.jpg,provavel_duplicata_visual_com_rotacao,,,4.209797530864198
c_1173,Testing/notumor/Te-no_351.jpg,Training/notumor/Tr-no_46.jpg,provavel_duplicata_visual,,,5.111427160493827
c_1173,Testing/notumor/Te-no_351.jpg,Training/notumor/Tr-no_611.jpg,provavel_duplicata_visual,,,5.336335802469136
c_1173,Testing/notumor/Te-no_388.jpg,Training/notumor/Tr-no_1071.jpg,provavel_duplicata_visual_com_rotacao,,,4.211397530864198
c_1173,Testing/notumor/Te-no_388.jpg,Training/notumor/Tr-no_1138.jpg,provavel_duplicata_visual_com_rotacao,Forte correspondencia visual na orientacao exibida. Par entre treino e teste; igualdade de pixels nao confirmada.,,
c_1173,Testing/notumor/Te-no_388.jpg,Training/notumor/Tr-no_1252.jpg,provavel_duplicata_visual_com_rotacao,,,4.561402469135802
c_1173,Testing/notumor/Te-no_388.jpg,Training/notumor/Tr-no_224.jpg,provavel_duplicata_visual,,,23.303644444444444
c_1173,Testing/notumor/Te-no_388.jpg,Training/notumor/Tr-no_82.jpg,provavel_duplicata_visual,,,23.312987654320988
