cluster_id,relative_path_a,relative_path_b,mean_absolute_difference,ssim,best_rotation_b,sugestao_revisao,visual_assessment,observation,decision,reviewed_at
c_1173,Testing/notumor/Te-no_113.jpg,Training/notumor/Tr-no_1027.jpg,16.483930864197532,,0.0,,aparentemente_distintas,,pendente,2026-09-20T14:43:49.137907-03:00
c_1173,Testing/notumor/Te-no_113.jpg,Training/notumor/Tr-no_1060.jpg,26.275140740740746,0.594166413445887,0.0,,aparentemente_distintas,,pendente,2026-09-20T15:26:27.125065-03:00
c_1173,Testing/notumor/Te-no_113.jpg,Training/notumor/Tr-no_1102.jpg,16.337520987654322,,0.0,,aparentemente_distintas,,pendente,2026-09-20T14:43:21.368855-03:00
c_1173,Testing/notumor/Te-no_113.jpg,Training/notumor/Tr-no_1124.jpg,23.2769975308642,,0.0,,provavel_duplicata_visual,,pendente,2026-09-20T14:47:18.178862-03:00
c_1173,Testing/notumor/Te-no_113.jpg,Training/notumor/Tr-no_1138.jpg,4.591130864197531,,0.0,,provavel_duplicata_visual_com_rotacao,,pendente,2026-09-20T14:37:51.266829-03:00
c_1173,Testing/notumor/Te-no_113.jpg,Training/notumor/Tr-no_1252.jpg,,,180.0,,provavel_duplicata_visual_com_rotacao,Forte correspondencia visual na orientacao exibida. Par entre treino e teste; igualdade de pixels nao confirmada.,pendente,
c_1173,Testing/notumor/Te-no_113.jpg,Training/notumor/Tr-no_1257.jpg,23.29611851851852,,180.0,,provavel_duplicata_visual_com_rotacao,,pendente,2026-09-20T14:48:12.021029-03:00
c_1173,Testing/notumor/Te-no_113.jpg,Training/notumor/Tr-no_203.jpg,26.295624691358025,0.591425088820102,0.0,,aparentemente_distintas,,pendente,2026-09-20T15:26:31.928302-03:00
c_1173,Testing/notumor/Te-no_113.jpg,Training/notumor/Tr-no_241.jpg,16.738725925925927,,180.0,,aparentemente_distintas,,pendente,2026-09-20T14:44:20.272254-03:00
c_1173,Testing/notumor/Te-no_113.jpg,Training/notumor/Tr-no_267.jpg,16.363417283950618,,180.0,,aparentemente_distintas,,pendente,2026-09-20T14:43:25.533056-03:00
c_1173,Testing/notumor/Te-no_113.jpg,Training/notumor/Tr-no_322.jpg,26.249027160493828,0.5926130522836174,180.0,,aparentemente_distintas,,pendente,2026-09-20T15:26:23.246863-03:00
c_1173,Testing/notumor/Te-no_113.jpg,Training/notumor/Tr-no_339.jpg,26.30129382716049,0.5909397571790419,0.0,,aparentemente_distintas,,pendente,2026-09-20T15:26:41.926407-03:00
c_1173,Testing/notumor/Te-no_113.jpg,Training/notumor/Tr-no_46.jpg,16.69023209876543,,0.0,,aparentemente_distintas,,pendente,2026-09-20T14:44:11.609616-03:00
c_1173,Testing/notumor/Te-no_113.jpg,Training/notumor/Tr-no_611.jpg,16.262972839506173,,180.0,,aparentemente_distintas,,pendente,2026-09-20T14:43:08.020516-03:00
c_1173,Testing/notumor/Te-no_113.jpg,Training/notumor/Tr-no_709.jpg,26.28997530864197,0.5899546449064148,180.0,,aparentemente_distintas,,pendente,2026-09-20T15:26:28.098688-03:00
c_1173,Testing/notumor/Te-no_140.jpg,Training/notumor/Tr-no_1027.jpg,16.788385185185184,,180.0,,aparentemente_distintas,,pendente,2026-09-20T14:44:22.525399-03:00
c_1173,Testing/notumor/Te-no_140.jpg,Training/notumor/Tr-no_1060.jpg,26.41935802469136,0.5862118380807488,180.0,,aparentemente_distintas,,pendente,2026-09-20T15:27:12.364956-03:00
c_1173,Testing/notumor/Te-no_140.jpg,Training/notumor/Tr-no_1102.jpg,16.612227160493827,,180.0,,aparentemente_distintas,,pendente,2026-09-20T14:44:05.295318-03:00
c_1173,Testing/notumor/Te-no_140.jpg,Training/notumor/Tr-no_1124.jpg,23.3297975308642,0.8022332929481184,180.0,,provavel_duplicata_visual_com_rotacao,,pendente,2026-09-20T15:32:18.942052-03:00
c_1173,Testing/notumor/Te-no_140.jpg,Training/notumor/Tr-no_1252.jpg,4.121797530864198,,0.0,,provavel_duplicata_visual,,pendente,2026-09-20T14:26:51-03:00
c_1173,Testing/notumor/Te-no_140.jpg,Training/notumor/Tr-no_1257.jpg,23.472138271604937,0.7817465315751959,0.0,,aparentemente_distintas,,pendente,2026-09-20T15:25:31.757485-03:00
c_1173,Testing/notumor/Te-no_140.jpg,Training/notumor/Tr-no_203.jpg,26.42565925925926,0.5845841155364141,180.0,,aparentemente_distintas,,pendente,2026-09-20T15:27:13.279835-03:00
c_1173,Testing/notumor/Te-no_140.jpg,Training/notumor/Tr-no_21.jpg,23.52717037037037,0.771945569182462,0.0,,aparentemente_distintas,,pendente,2026-09-20T15:25:57.477536-03:00
c_1173,Testing/notumor/Te-no_140.jpg,Training/notumor/Tr-no_224.jpg,23.502617283950617,0.7768590034768088,0.0,,aparentemente_distintas,,pendente,2026-09-20T15:25:49.972023-03:00
c_1173,Testing/notumor/Te-no_140.jpg,Training/notumor/Tr-no_241.jpg,16.953817283950617,,0.0,,aparentemente_distintas,,pendente,2026-09-20T14:44:32.507483-03:00
c_1173,Testing/notumor/Te-no_140.jpg,Training/notumor/Tr-no_249.jpg,23.436444444444444,0.7870028047743983,0.0,,aparentemente_distintas,,pendente,2026-09-20T15:25:03.591938-03:00
c_1173,Testing/notumor/Te-no_140.jpg,Training/notumor/Tr-no_267.jpg,16.59427160493827,,0.0,,aparentemente_distintas,,pendente,2026-09-20T14:44:02.090346-03:00
c_1173,Testing/notumor/Te-no_140.jpg,Training/notumor/Tr-no_322.jpg,26.377955555555555,0.5834426285713169,0.0,,aparentemente_distintas,,pendente,2026-09-20T15:27:05.913076-03:00
c_1173,Testing/notumor/Te-no_140.jpg,Training/notumor/Tr-no_339.jpg,26.39715555555556,0.5839677618953523,180.0,,aparentemente_distintas,,pendente,2026-09-20T15:27:09.468981-03:00
c_1173,Testing/notumor/Te-no_140.jpg,Training/notumor/Tr-no_46.jpg,16.956997530864196,,180.0,,aparentemente_distintas,,pendente,2026-09-20T14:44:34.412035-03:00
c_1173,Testing/notumor/Te-no_140.jpg,Training/notumor/Tr-no_611.jpg,16.557787654320986,,0.0,,aparentemente_distintas,,pendente,2026-09-20T14:43:55.644174-03:00
c_1173,Testing/notumor/Te-no_140.jpg,Training/notumor/Tr-no_709.jpg,26.40250864197531,0.5837283534410108,0.0,,aparentemente_distintas,,pendente,2026-09-20T15:27:11.643607-03:00
c_1173,Testing/notumor/Te-no_140.jpg,Training/notumor/Tr-no_82.jpg,23.511486419753087,0.7765245239342404,0.0,,aparentemente_distintas,,pendente,2026-09-20T15:25:50.996547-03:00
c_1173,Testing/notumor/Te-no_189.jpg,Training/notumor/Tr-no_1062.jpg,26.256928395061728,0.5906437716026278,0.0,,aparentemente_distintas,,pendente,2026-09-20T15:26:25.026115-03:00
c_1173,Testing/notumor/Te-no_189.jpg,Training/notumor/Tr-no_1071.jpg,16.45989135802469,,180.0,,aparentemente_distintas,,pendente,2026-09-20T14:43:41.026381-03:00
c_1173,Testing/notumor/Te-no_189.jpg,Training/notumor/Tr-no_1102.jpg,4.066350617283951,,180.0,,provavel_duplicata_visual_com_rotacao,,pendente,2026-09-20T14:26:11-03:00
c_1173,Testing/notumor/Te-no_189.jpg,Training/notumor/Tr-no_1124.jpg,26.31841975308642,0.589636157160667,180.0,,aparentemente_distintas,,pendente,2026-09-20T15:26:54.315757-03:00
c_1173,Testing/notumor/Te-no_189.jpg,Training/notumor/Tr-no_1138.jpg,16.699812345679014,,180.0,,aparentemente_distintas,,pendente,2026-09-20T14:44:13.720578-03:00
c_1173,Testing/notumor/Te-no_189.jpg,Training/notumor/Tr-no_1252.jpg,16.57455802469136,,0.0,,aparentemente_distintas,,pendente,2026-09-20T14:43:58.519819-03:00
c_1173,Testing/notumor/Te-no_189.jpg,Training/notumor/Tr-no_1257.jpg,26.308938271604937,0.5911153215772198,0.0,,aparentemente_distintas,,pendente,2026-09-20T15:26:48.303517-03:00
c_1173,Testing/notumor/Te-no_189.jpg,Training/notumor/Tr-no_21.jpg,26.317827160493827,0.5904339678701789,0.0,,aparentemente_distintas,,pendente,2026-09-20T15:26:53.596914-03:00
c_1173,Testing/notumor/Te-no_189.jpg,Training/notumor/Tr-no_241.jpg,4.031841975308642,,0.0,,provavel_duplicata_visual,,pendente,2026-09-20T14:25:50-03:00
c_1173,Testing/notumor/Te-no_189.jpg,Training/notumor/Tr-no_249.jpg,26.32653827160494,0.5874854649649365,0.0,,aparentemente_distintas,,pendente,2026-09-20T15:26:55.768733-03:00
c_1173,Testing/notumor/Te-no_189.jpg,Training/notumor/Tr-no_251.jpg,26.69222716049383,0.5791495009611257,0.0,,aparentemente_distintas,,pendente,2026-09-20T15:27:14.819826-03:00
c_1173,Testing/notumor/Te-no_189.jpg,Training/notumor/Tr-no_267.jpg,3.906725925925926,,0.0,,provavel_duplicata_visual,,pendente,2026-09-20T14:25:20-03:00
c_1173,Testing/notumor/Te-no_189.jpg,Training/notumor/Tr-no_46.jpg,4.187437037037037,,180.0,,provavel_duplicata_visual_com_rotacao,,pendente,2026-09-20T14:27:14-03:00
c_1173,Testing/notumor/Te-no_189.jpg,Training/notumor/Tr-no_611.jpg,5.262558024691358,,0.0,,provavel_duplicata_visual,,pendente,2026-09-20T14:40:56.845185-03:00
c_1173,Testing/notumor/Te-no_189.jpg,Training/notumor/Tr-no_82.jpg,26.30123456790124,0.5922362702637892,0.0,,aparentemente_distintas,,pendente,2026-09-20T15:26:38.911638-03:00
c_1173,Testing/notumor/Te-no_209.jpg,Training/notumor/Tr-no_1124.jpg,,,0.0,,provavel_duplicata_visual,Forte correspondencia visual com a referencia na orientacao exibida. Par entre treino e teste.,pendente,
c_1173,Testing/notumor/Te-no_209.jpg,Training/notumor/Tr-no_224.jpg,,,180.0,,provavel_duplicata_visual_com_rotacao,Forte correspondencia visual com a referencia na orientacao exibida. Par entre treino e teste.,pendente,
c_1173,Testing/notumor/Te-no_209.jpg,Training/notumor/Tr-no_82.jpg,,,180.0,,provavel_duplicata_visual_com_rotacao,Forte correspondencia visual com a referencia na orientacao exibida. Par entre treino e teste.,pendente,
c_1173,Testing/notumor/Te-no_209.jpg,Training/notumor/Tr-no_1027.jpg,26.30159012345679,0.5937783601441757,0.0,,aparentemente_distintas,,pendente,2026-09-20T15:26:42.848180-03:00
c_1173,Testing/notumor/Te-no_209.jpg,Training/notumor/Tr-no_1060.jpg,9.38639012345679,,0.0,,aparentemente_distintas,,pendente,2026-09-20T14:42:21.782478-03:00
c_1173,Testing/notumor/Te-no_209.jpg,Training/notumor/Tr-no_1071.jpg,23.31431111111111,,0.0,,provavel_duplicata_visual,,pendente,2026-09-20T14:48:52.645406-03:00
c_1173,Testing/notumor/Te-no_209.jpg,Training/notumor/Tr-no_1102.jpg,26.15743209876544,0.5979174414959139,0.0,,aparentemente_distintas,,pendente,2026-09-20T15:26:10.714102-03:00
c_1173,Testing/notumor/Te-no_209.jpg,Training/notumor/Tr-no_1138.jpg,23.31036049382716,,0.0,,provavel_duplicata_visual,,pendente,2026-09-20T14:48:26.194646-03:00
c_1173,Testing/notumor/Te-no_209.jpg,Training/notumor/Tr-no_1252.jpg,23.41680987654321,0.7868483859257914,180.0,,aparentemente_distintas,,pendente,2026-09-20T15:24:34.294060-03:00
c_1173,Testing/notumor/Te-no_209.jpg,Training/notumor/Tr-no_1257.jpg,,,180.0,,provavel_duplicata_visual_com_rotacao,Forte correspondencia visual na orientacao exibida. Par entre treino e teste; igualdade de pixels nao confirmada.,pendente,
c_1173,Testing/notumor/Te-no_209.jpg,Training/notumor/Tr-no_203.jpg,9.480908641975308,,0.0,,aparentemente_distintas,,pendente,2026-09-20T14:42:33.392646-03:00
c_1173,Testing/notumor/Te-no_209.jpg,Training/notumor/Tr-no_21.jpg,2.139279012345679,,,,provavel_duplicata_visual_com_rotacao,"Forte correspondencia visual apos rotacao de 180 graus. Par entre treino e teste, ambos rotulados como notumor.",pendente,
c_1173,Testing/notumor/Te-no_209.jpg,Training/notumor/Tr-no_241.jpg,26.382676543209875,0.5856399408709532,180.0,,aparentemente_distintas,,pendente,2026-09-20T15:27:07.330137-03:00
c_1173,Testing/notumor/Te-no_209.jpg,Training/notumor/Tr-no_249.jpg,2.989353086419753,,180.0,,provavel_duplicata_visual_com_rotacao,,pendente,2026-09-20T00:50:48-03:00
c_1173,Testing/notumor/Te-no_209.jpg,Training/notumor/Tr-no_251.jpg,5.334617283950617,,180.0,,provavel_duplicata_visual_com_rotacao,,pendente,2026-09-20T14:41:09.390481-03:00
c_1173,Testing/notumor/Te-no_209.jpg,Training/notumor/Tr-no_267.jpg,26.152395061728395,0.5973733514585325,180.0,,aparentemente_distintas,,pendente,2026-09-20T15:26:10.053007-03:00
c_1173,Testing/notumor/Te-no_209.jpg,Training/notumor/Tr-no_322.jpg,9.322192592592591,,180.0,,aparentemente_distintas,,pendente,2026-09-20T14:41:50.631154-03:00
c_1173,Testing/notumor/Te-no_209.jpg,Training/notumor/Tr-no_339.jpg,9.523792592592592,,0.0,,aparentemente_distintas,,pendente,2026-09-20T14:42:35.602243-03:00
c_1173,Testing/notumor/Te-no_209.jpg,Training/notumor/Tr-no_46.jpg,26.37226666666667,0.5865816270976414,0.0,,aparentemente_distintas,,pendente,2026-09-20T15:27:05.103159-03:00
c_1173,Testing/notumor/Te-no_209.jpg,Training/notumor/Tr-no_611.jpg,26.171061728395063,0.588525089355267,180.0,,aparentemente_distintas,,pendente,2026-09-20T15:26:13.004631-03:00
c_1173,Testing/notumor/Te-no_209.jpg,Training/notumor/Tr-no_709.jpg,9.569916049382716,,180.0,,aparentemente_distintas,,pendente,2026-09-20T14:42:41.849066-03:00
c_1173,Testing/notumor/Te-no_260.jpg,Training/notumor/Tr-no_1027.jpg,4.24077037037037,,180.0,,provavel_duplicata_visual_com_rotacao,,pendente,2026-09-20T14:28:52-03:00
c_1173,Testing/notumor/Te-no_260.jpg,Training/notumor/Tr-no_1062.jpg,26.267753086419752,0.5948169493386388,0.0,,aparentemente_distintas,,pendente,2026-09-20T15:26:26.205540-03:00
c_1173,Testing/notumor/Te-no_260.jpg,Training/notumor/Tr-no_1071.jpg,16.398933333333332,,180.0,,aparentemente_distintas,,pendente,2026-09-20T14:43:33.171110-03:00
c_1173,Testing/notumor/Te-no_260.jpg,Training/notumor/Tr-no_1102.jpg,3.70960987654321,,180.0,,provavel_duplicata_visual_com_rotacao,,pendente,2026-09-20T14:23:23-03:00
c_1173,Testing/notumor/Te-no_260.jpg,Training/notumor/Tr-no_1124.jpg,26.340424691358024,0.5905518075470981,180.0,,aparentemente_distintas,,pendente,2026-09-20T15:26:58.613515-03:00
c_1173,Testing/notumor/Te-no_260.jpg,Training/notumor/Tr-no_1138.jpg,16.61519012345679,,180.0,,aparentemente_distintas,,pendente,2026-09-20T14:44:07.588125-03:00
c_1173,Testing/notumor/Te-no_260.jpg,Training/notumor/Tr-no_1252.jpg,16.555792592592592,,0.0,,aparentemente_distintas,,pendente,2026-09-20T14:43:53.069045-03:00
c_1173,Testing/notumor/Te-no_260.jpg,Training/notumor/Tr-no_1257.jpg,26.31126913580247,0.5938991836548015,0.0,,aparentemente_distintas,,pendente,2026-09-20T15:26:51.156223-03:00
c_1173,Testing/notumor/Te-no_260.jpg,Training/notumor/Tr-no_21.jpg,26.32888888888889,0.5943145669003843,0.0,,aparentemente_distintas,,pendente,2026-09-20T15:26:56.448308-03:00
c_1173,Testing/notumor/Te-no_260.jpg,Training/notumor/Tr-no_224.jpg,26.298725925925925,0.5963537474277921,0.0,,aparentemente_distintas,,pendente,2026-09-20T15:26:37.359369-03:00
c_1173,Testing/notumor/Te-no_260.jpg,Training/notumor/Tr-no_241.jpg,4.703565432098766,,0.0,,provavel_duplicata_visual,,pendente,2026-09-20T14:38:51.419977-03:00
c_1173,Testing/notumor/Te-no_260.jpg,Training/notumor/Tr-no_249.jpg,26.34332839506173,0.5900646143978447,0.0,,aparentemente_distintas,,pendente,2026-09-20T15:26:59.306356-03:00
c_1173,Testing/notumor/Te-no_260.jpg,Training/notumor/Tr-no_251.jpg,26.728375308641976,0.5828677713533893,0.0,,aparentemente_distintas,,pendente,2026-09-20T15:27:15.533421-03:00
c_1173,Testing/notumor/Te-no_260.jpg,Training/notumor/Tr-no_267.jpg,3.3182814814814816,,0.0,,provavel_duplicata_visual,,pendente,2026-09-20T00:52:19-03:00
c_1173,Testing/notumor/Te-no_260.jpg,Training/notumor/Tr-no_46.jpg,4.817955555555556,,180.0,,provavel_duplicata_visual_com_rotacao,,pendente,2026-09-20T14:39:03.287235-03:00
c_1173,Testing/notumor/Te-no_260.jpg,Training/notumor/Tr-no_82.jpg,26.302301234567903,0.5962104920367822,0.0,,aparentemente_distintas,,pendente,2026-09-20T15:26:47.481287-03:00
c_1173,Testing/notumor/Te-no_271.jpg,Training/notumor/Tr-no_1027.jpg,4.863604938271605,,180.0,,provavel_duplicata_visual_com_rotacao,,pendente,2026-09-20T14:39:09.227429-03:00
c_1173,Testing/notumor/Te-no_271.jpg,Training/notumor/Tr-no_1062.jpg,26.05925925925926,0.5985672573778646,0.0,,aparentemente_distintas,,pendente,2026-09-20T15:26:05.130441-03:00
c_1173,Testing/notumor/Te-no_271.jpg,Training/notumor/Tr-no_1071.jpg,16.03695802469136,,180.0,,aparentemente_distintas,,pendente,2026-09-20T14:43:02.030292-03:00
c_1173,Testing/notumor/Te-no_271.jpg,Training/notumor/Tr-no_1102.jpg,4.3554765432098765,,180.0,,provavel_duplicata_visual_com_rotacao,,pendente,2026-09-20T14:29:49-03:00
c_1173,Testing/notumor/Te-no_271.jpg,Training/notumor/Tr-no_1124.jpg,26.188543209876546,0.5873046854074595,180.0,,aparentemente_distintas,,pendente,2026-09-20T15:26:15.114886-03:00
c_1173,Testing/notumor/Te-no_271.jpg,Training/notumor/Tr-no_1138.jpg,16.317333333333334,,180.0,,aparentemente_distintas,,pendente,2026-09-20T14:43:15.957477-03:00
c_1173,Testing/notumor/Te-no_271.jpg,Training/notumor/Tr-no_1252.jpg,16.256987654320987,,0.0,,aparentemente_distintas,,pendente,2026-09-20T14:43:03.826047-03:00
c_1173,Testing/notumor/Te-no_271.jpg,Training/notumor/Tr-no_1257.jpg,26.17163456790124,0.5912282740779025,0.0,,aparentemente_distintas,,pendente,2026-09-20T15:26:14.696958-03:00
c_1173,Testing/notumor/Te-no_271.jpg,Training/notumor/Tr-no_21.jpg,26.1887012345679,0.5913300075970302,0.0,,aparentemente_distintas,,pendente,2026-09-20T15:26:17.042364-03:00
c_1173,Testing/notumor/Te-no_271.jpg,Training/notumor/Tr-no_224.jpg,26.151545679012347,0.593782468809335,0.0,,aparentemente_distintas,,pendente,2026-09-20T15:26:06.348334-03:00
c_1173,Testing/notumor/Te-no_271.jpg,Training/notumor/Tr-no_241.jpg,5.597135802469136,0.8894095527865313,0.0,,provavel_duplicata_visual,,pendente,2026-09-20T15:32:42.027746-03:00
c_1173,Testing/notumor/Te-no_271.jpg,Training/notumor/Tr-no_249.jpg,26.209896296296296,0.585278381391436,0.0,,aparentemente_distintas,,pendente,2026-09-20T15:26:18.121347-03:00
c_1173,Testing/notumor/Te-no_271.jpg,Training/notumor/Tr-no_251.jpg,26.534696296296296,0.5868780753303842,0.0,,aparentemente_distintas,,pendente,2026-09-20T15:27:14.053690-03:00
c_1173,Testing/notumor/Te-no_271.jpg,Training/notumor/Tr-no_267.jpg,4.367664197530864,,0.0,,provavel_duplicata_visual,,pendente,2026-09-20T14:30:34-03:00
c_1173,Testing/notumor/Te-no_271.jpg,Training/notumor/Tr-no_322.jpg,23.07899259259259,,0.0,,provavel_duplicata_visual,,pendente,2026-09-20T14:45:53.386342-03:00
c_1173,Testing/notumor/Te-no_271.jpg,Training/notumor/Tr-no_46.jpg,5.550301234567901,0.8900204950989266,180.0,,provavel_duplicata_visual_com_rotacao,,pendente,2026-09-20T15:32:48.956145-03:00
c_1173,Testing/notumor/Te-no_271.jpg,Training/notumor/Tr-no_82.jpg,26.1582024691358,0.5937099201831209,0.0,,aparentemente_distintas,,pendente,2026-09-20T15:26:12.361631-03:00
c_1173,Testing/notumor/Te-no_275.jpg,Training/notumor/Tr-no_203.jpg,,,180.0,,provavel_duplicata_visual_com_rotacao,Forte correspondencia de contornos e detalhes na orientacao exibida. Par entre treino e teste.,pendente,
c_1173,Testing/notumor/Te-no_275.jpg,Training/notumor/Tr-no_709.jpg,,,0.0,,provavel_duplicata_visual,Forte correspondencia de contornos e detalhes na orientacao exibida. Par entre treino e teste.,pendente,
c_1173,Testing/notumor/Te-no_275.jpg,Training/notumor/Tr-no_1062.jpg,9.336197530864196,0.7015648991204647,0.0,,aparentemente_distintas,,pendente,2026-09-20T15:32:58.011846-03:00
c_1173,Testing/notumor/Te-no_275.jpg,Training/notumor/Tr-no_1071.jpg,26.212464197530863,0.5932659188641759,180.0,,aparentemente_distintas,,pendente,2026-09-20T15:26:21.230216-03:00
c_1173,Testing/notumor/Te-no_275.jpg,Training/notumor/Tr-no_1102.jpg,23.295743209876544,,180.0,,provavel_duplicata_visual_com_rotacao,,pendente,2026-09-20T14:47:53.285034-03:00
c_1173,Testing/notumor/Te-no_275.jpg,Training/notumor/Tr-no_1124.jpg,9.539041975308642,,180.0,,aparentemente_distintas,,pendente,2026-09-20T14:42:38.878578-03:00
c_1173,Testing/notumor/Te-no_275.jpg,Training/notumor/Tr-no_1138.jpg,26.37815308641976,0.5868679672935554,180.0,,aparentemente_distintas,,pendente,2026-09-20T15:27:06.601839-03:00
c_1173,Testing/notumor/Te-no_275.jpg,Training/notumor/Tr-no_1252.jpg,26.31986172839506,0.5903987444575767,0.0,,aparentemente_distintas,,pendente,2026-09-20T15:26:55.064077-03:00
c_1173,Testing/notumor/Te-no_275.jpg,Training/notumor/Tr-no_1257.jpg,9.462241975308642,,0.0,,aparentemente_distintas,,pendente,2026-09-20T14:42:27.566976-03:00
c_1173,Testing/notumor/Te-no_275.jpg,Training/notumor/Tr-no_21.jpg,9.476661728395062,,0.0,,aparentemente_distintas,,pendente,2026-09-20T14:42:31.401305-03:00
c_1173,Testing/notumor/Te-no_275.jpg,Training/notumor/Tr-no_241.jpg,23.443595061728395,0.7861456067008539,0.0,,aparentemente_distintas,,pendente,2026-09-20T15:25:06.023558-03:00
c_1173,Testing/notumor/Te-no_275.jpg,Training/notumor/Tr-no_249.jpg,9.607644444444444,,0.0,,aparentemente_distintas,,pendente,2026-09-20T14:42:46.827681-03:00
c_1173,Testing/notumor/Te-no_275.jpg,Training/notumor/Tr-no_251.jpg,11.241362962962963,,0.0,,aparentemente_distintas,,pendente,2026-09-20T14:42:57.902536-03:00
c_1173,Testing/notumor/Te-no_275.jpg,Training/notumor/Tr-no_267.jpg,23.23468641975309,0.8020934976528521,0.0,,provavel_duplicata_visual,,pendente,2026-09-20T15:33:03.062052-03:00
c_1173,Testing/notumor/Te-no_275.jpg,Training/notumor/Tr-no_322.jpg,2.990083950617284,,0.0,,provavel_duplicata_visual,,pendente,2026-09-20T00:51:33-03:00
c_1173,Testing/notumor/Te-no_275.jpg,Training/notumor/Tr-no_339.jpg,,,180.0,,provavel_duplicata_visual_com_rotacao,Forte correspondencia visual na orientacao exibida. Par entre treino e teste; igualdade de pixels nao confirmada.,pendente,
c_1173,Testing/notumor/Te-no_275.jpg,Training/notumor/Tr-no_46.jpg,23.45673086419753,0.7857766041825455,180.0,,aparentemente_distintas,,pendente,2026-09-20T15:25:18.511192-03:00
c_1173,Testing/notumor/Te-no_275.jpg,Training/notumor/Tr-no_611.jpg,23.43361975308642,0.7698798164336819,0.0,,aparentemente_distintas,,pendente,2026-09-20T15:24:57.601619-03:00
c_1173,Testing/notumor/Te-no_275.jpg,Training/notumor/Tr-no_82.jpg,9.374617283950617,0.7016055828478256,0.0,,aparentemente_distintas,,pendente,2026-09-20T15:33:08.439740-03:00
c_1173,Testing/notumor/Te-no_334.jpg,Training/notumor/Tr-no_1027.jpg,16.61605925925926,,0.0,,aparentemente_distintas,,pendente,2026-09-20T14:44:10.241750-03:00
c_1173,Testing/notumor/Te-no_334.jpg,Training/notumor/Tr-no_1060.jpg,26.38482962962963,0.5911635801594509,0.0,,aparentemente_distintas,,pendente,2026-09-20T15:27:07.952863-03:00
c_1173,Testing/notumor/Te-no_334.jpg,Training/notumor/Tr-no_1071.jpg,4.418034567901235,,0.0,,provavel_duplicata_visual,,pendente,2026-09-20T14:31:56-03:00
c_1173,Testing/notumor/Te-no_334.jpg,Training/notumor/Tr-no_1102.jpg,16.464316049382717,,0.0,,aparentemente_distintas,,pendente,2026-09-20T14:43:45.605248-03:00
c_1173,Testing/notumor/Te-no_334.jpg,Training/notumor/Tr-no_1124.jpg,23.183545679012347,,0.0,,provavel_duplicata_visual,,pendente,2026-09-20T14:46:19.921499-03:00
c_1173,Testing/notumor/Te-no_334.jpg,Training/notumor/Tr-no_1138.jpg,4.689362962962963,,0.0,,provavel_duplicata_visual_com_rotacao,,pendente,2026-09-20T14:38:39.102675-03:00
c_1173,Testing/notumor/Te-no_334.jpg,Training/notumor/Tr-no_1252.jpg,3.701649382716049,,180.0,,provavel_duplicata_visual_com_rotacao,,pendente,2026-09-20T00:52:53-03:00
c_1173,Testing/notumor/Te-no_334.jpg,Training/notumor/Tr-no_203.jpg,26.3984,0.5894180832431454,0.0,,aparentemente_distintas,,pendente,2026-09-20T15:27:10.221197-03:00
c_1173,Testing/notumor/Te-no_334.jpg,Training/notumor/Tr-no_21.jpg,23.49916049382716,0.7806822900752786,180.0,,aparentemente_distintas,,pendente,2026-09-20T15:25:41.390252-03:00
c_1173,Testing/notumor/Te-no_334.jpg,Training/notumor/Tr-no_224.jpg,23.452167901234567,0.7868390752734938,180.0,,aparentemente_distintas,,pendente,2026-09-20T15:25:16.073047-03:00
c_1173,Testing/notumor/Te-no_334.jpg,Training/notumor/Tr-no_241.jpg,16.845451851851852,,180.0,,aparentemente_distintas,,pendente,2026-09-20T14:44:30.666464-03:00
c_1173,Testing/notumor/Te-no_334.jpg,Training/notumor/Tr-no_249.jpg,23.396582716049384,0.7968110237237233,180.0,,aparentemente_distintas,,pendente,2026-09-20T15:24:20.735306-03:00
c_1173,Testing/notumor/Te-no_334.jpg,Training/notumor/Tr-no_251.jpg,22.938883950617285,0.7690009855250552,180.0,,aparentemente_distintas,,pendente,2026-09-20T15:33:10.524884-03:00
c_1173,Testing/notumor/Te-no_334.jpg,Training/notumor/Tr-no_267.jpg,16.511308641975308,,180.0,,aparentemente_distintas,,pendente,2026-09-20T14:43:51.286442-03:00
c_1173,Testing/notumor/Te-no_334.jpg,Training/notumor/Tr-no_322.jpg,26.34571851851852,0.5884741260646025,180.0,,aparentemente_distintas,,pendente,2026-09-20T15:26:59.982133-03:00
c_1173,Testing/notumor/Te-no_334.jpg,Training/notumor/Tr-no_339.jpg,26.387555555555554,0.5880111611309495,0.0,,aparentemente_distintas,,pendente,2026-09-20T15:27:08.694142-03:00
c_1173,Testing/notumor/Te-no_334.jpg,Training/notumor/Tr-no_46.jpg,16.80983703703704,,0.0,,aparentemente_distintas,,pendente,2026-09-20T14:44:27.318783-03:00
c_1173,Testing/notumor/Te-no_334.jpg,Training/notumor/Tr-no_611.jpg,16.42887901234568,,180.0,,aparentemente_distintas,,pendente,2026-09-20T14:43:38.336814-03:00
c_1173,Testing/notumor/Te-no_334.jpg,Training/notumor/Tr-no_709.jpg,26.40156049382716,0.5869903488250582,180.0,,aparentemente_distintas,,pendente,2026-09-20T15:27:10.968823-03:00
c_1173,Testing/notumor/Te-no_334.jpg,Training/notumor/Tr-no_82.jpg,23.4592987654321,0.7865183555830317,180.0,,aparentemente_distintas,,pendente,2026-09-20T15:25:21.514837-03:00
c_1173,Testing/notumor/Te-no_351.jpg,Training/notumor/Tr-no_1027.jpg,4.628385185185185,,0.0,,provavel_duplicata_visual_com_rotacao,,pendente,2026-09-20T14:37:58.988848-03:00
c_1173,Testing/notumor/Te-no_351.jpg,Training/notumor/Tr-no_1060.jpg,23.445728395061728,0.783604228117852,0.0,,aparentemente_distintas,,pendente,2026-09-20T15:25:11.816773-03:00
c_1173,Testing/notumor/Te-no_351.jpg,Training/notumor/Tr-no_1062.jpg,26.29598024691358,0.5890792472710888,180.0,,aparentemente_distintas,,pendente,2026-09-20T15:26:34.362856-03:00
c_1173,Testing/notumor/Te-no_351.jpg,Training/notumor/Tr-no_1071.jpg,16.48345679012346,,0.0,,aparentemente_distintas,,pendente,2026-09-20T14:43:47.152931-03:00
c_1173,Testing/notumor/Te-no_351.jpg,Training/notumor/Tr-no_1102.jpg,4.121204938271605,,0.0,,provavel_duplicata_visual,,pendente,2026-09-20T14:26:28-03:00
c_1173,Testing/notumor/Te-no_351.jpg,Training/notumor/Tr-no_1124.jpg,26.353916049382715,0.5863569437243382,0.0,,aparentemente_distintas,,pendente,2026-09-20T15:27:01.727364-03:00
c_1173,Testing/notumor/Te-no_351.jpg,Training/notumor/Tr-no_1138.jpg,16.7103012345679,,0.0,,aparentemente_distintas,,pendente,2026-09-20T14:44:18.337774-03:00
c_1173,Testing/notumor/Te-no_351.jpg,Training/notumor/Tr-no_1252.jpg,16.702735802469135,,180.0,,aparentemente_distintas,,pendente,2026-09-20T14:44:16.129746-03:00
c_1173,Testing/notumor/Te-no_351.jpg,Training/notumor/Tr-no_1257.jpg,26.35087407407408,0.58797305023867,180.0,,aparentemente_distintas,,pendente,2026-09-20T15:27:00.957849-03:00
c_1173,Testing/notumor/Te-no_351.jpg,Training/notumor/Tr-no_203.jpg,23.461866666666666,0.7776912811720519,0.0,,aparentemente_distintas,,pendente,2026-09-20T15:25:24.683091-03:00
c_1173,Testing/notumor/Te-no_351.jpg,Training/notumor/Tr-no_21.jpg,26.3615012345679,0.5887186278066586,180.0,,aparentemente_distintas,,pendente,2026-09-20T15:27:02.540590-03:00
c_1173,Testing/notumor/Te-no_351.jpg,Training/notumor/Tr-no_224.jpg,26.33276049382716,0.5904009233111546,180.0,,aparentemente_distintas,,pendente,2026-09-20T15:26:57.118298-03:00
c_1173,Testing/notumor/Te-no_351.jpg,Training/notumor/Tr-no_241.jpg,5.2590814814814815,,180.0,,provavel_duplicata_visual_com_rotacao,,pendente,2026-09-20T14:40:34.505859-03:00
c_1173,Testing/notumor/Te-no_351.jpg,Training/notumor/Tr-no_249.jpg,26.37037037037037,0.5844202485717959,180.0,,aparentemente_distintas,,pendente,2026-09-20T15:27:03.451158-03:00
c_1173,Testing/notumor/Te-no_351.jpg,Training/notumor/Tr-no_251.jpg,26.752414814814816,0.5776625699800217,180.0,,aparentemente_distintas,,pendente,2026-09-20T15:27:16.358823-03:00
c_1173,Testing/notumor/Te-no_351.jpg,Training/notumor/Tr-no_267.jpg,4.209797530864198,,180.0,,provavel_duplicata_visual_com_rotacao,,pendente,2026-09-20T14:27:56-03:00
c_1173,Testing/notumor/Te-no_351.jpg,Training/notumor/Tr-no_322.jpg,23.52391111111111,0.7611556973911797,180.0,,aparentemente_distintas,,pendente,2026-09-20T15:25:53.613221-03:00
c_1173,Testing/notumor/Te-no_351.jpg,Training/notumor/Tr-no_339.jpg,23.380977777777776,0.7888754395165113,0.0,,aparentemente_distintas,,pendente,2026-09-20T15:23:33.679471-03:00
c_1173,Testing/notumor/Te-no_351.jpg,Training/notumor/Tr-no_46.jpg,5.111427160493827,,0.0,,provavel_duplicata_visual,,pendente,2026-09-20T14:39:55.951490-03:00
c_1173,Testing/notumor/Te-no_351.jpg,Training/notumor/Tr-no_611.jpg,5.336335802469136,,180.0,,provavel_duplicata_visual,,pendente,2026-09-20T14:41:23.131913-03:00
c_1173,Testing/notumor/Te-no_351.jpg,Training/notumor/Tr-no_709.jpg,23.484108641975308,0.7770169490497639,180.0,,aparentemente_distintas,,pendente,2026-09-20T15:25:39.385538-03:00
c_1173,Testing/notumor/Te-no_351.jpg,Training/notumor/Tr-no_82.jpg,26.33969382716049,0.5902521969505498,180.0,,aparentemente_distintas,,pendente,2026-09-20T15:26:57.891195-03:00
c_1173,Testing/notumor/Te-no_388.jpg,Training/notumor/Tr-no_1027.jpg,16.593481481481483,,180.0,,aparentemente_distintas,,pendente,2026-09-20T14:44:00.613042-03:00
c_1173,Testing/notumor/Te-no_388.jpg,Training/notumor/Tr-no_1060.jpg,26.30184691358025,0.5913268591389844,180.0,,aparentemente_distintas,,pendente,2026-09-20T15:26:45.419458-03:00
c_1173,Testing/notumor/Te-no_388.jpg,Training/notumor/Tr-no_1062.jpg,23.47371851851852,0.7680439701809458,0.0,,aparentemente_distintas,,pendente,2026-09-20T15:25:37.187375-03:00
c_1173,Testing/notumor/Te-no_388.jpg,Training/notumor/Tr-no_1071.jpg,4.211397530864198,,180.0,,provavel_duplicata_visual_com_rotacao,,pendente,2026-09-20T14:28:23-03:00
c_1173,Testing/notumor/Te-no_388.jpg,Training/notumor/Tr-no_1102.jpg,16.365925925925925,,180.0,,aparentemente_distintas,,pendente,2026-09-20T14:43:28.555234-03:00
c_1173,Testing/notumor/Te-no_388.jpg,Training/notumor/Tr-no_1124.jpg,23.420286419753086,0.7846693577889264,180.0,,aparentemente_distintas,,pendente,2026-09-20T15:24:37.029723-03:00
c_1173,Testing/notumor/Te-no_388.jpg,Training/notumor/Tr-no_1138.jpg,,,180.0,,provavel_duplicata_visual_com_rotacao,Forte correspondencia visual na orientacao exibida. Par entre treino e teste; igualdade de pixels nao confirmada.,pendente,
c_1173,Testing/notumor/Te-no_388.jpg,Training/notumor/Tr-no_1252.jpg,4.561402469135802,,0.0,,provavel_duplicata_visual_com_rotacao,,pendente,2026-09-20T14:37:24.023213-03:00
c_1173,Testing/notumor/Te-no_388.jpg,Training/notumor/Tr-no_1257.jpg,23.37283950617284,0.7907625432868182,0.0,,aparentemente_distintas,,pendente,2026-09-20T15:23:22.698467-03:00
c_1173,Testing/notumor/Te-no_388.jpg,Training/notumor/Tr-no_203.jpg,26.313323456790123,0.5885715746695565,180.0,,aparentemente_distintas,,pendente,2026-09-20T15:26:52.013250-03:00
c_1173,Testing/notumor/Te-no_388.jpg,Training/notumor/Tr-no_21.jpg,23.260444444444445,0.8078620903809044,0.0,,provavel_duplicata_visual,,pendente,2026-09-20T15:33:21.722445-03:00
c_1173,Testing/notumor/Te-no_388.jpg,Training/notumor/Tr-no_224.jpg,23.303644444444444,,0.0,,provavel_duplicata_visual,,pendente,2026-09-20T14:48:19.439977-03:00
c_1173,Testing/notumor/Te-no_388.jpg,Training/notumor/Tr-no_241.jpg,16.78878024691358,,0.0,,aparentemente_distintas,,pendente,2026-09-20T14:44:24.028300-03:00
c_1173,Testing/notumor/Te-no_388.jpg,Training/notumor/Tr-no_249.jpg,23.452029629629628,0.7812766975944475,0.0,,aparentemente_distintas,,pendente,2026-09-20T15:25:14.851085-03:00
c_1173,Testing/notumor/Te-no_388.jpg,Training/notumor/Tr-no_251.jpg,22.81497283950617,0.7783492787848858,0.0,,aparentemente_distintas,,pendente,2026-09-20T15:33:25.894336-03:00
c_1173,Testing/notumor/Te-no_388.jpg,Training/notumor/Tr-no_267.jpg,16.3183012345679,,0.0,,aparentemente_distintas,,pendente,2026-09-20T14:43:18.095842-03:00
c_1173,Testing/notumor/Te-no_388.jpg,Training/notumor/Tr-no_322.jpg,26.254795061728395,0.592775678285606,0.0,,aparentemente_distintas,,pendente,2026-09-20T15:26:24.087388-03:00
c_1173,Testing/notumor/Te-no_388.jpg,Training/notumor/Tr-no_339.jpg,26.309234567901235,0.58855073082118,180.0,,aparentemente_distintas,,pendente,2026-09-20T15:26:49.086373-03:00
c_1173,Testing/notumor/Te-no_388.jpg,Training/notumor/Tr-no_46.jpg,16.796582716049382,,180.0,,aparentemente_distintas,,pendente,2026-09-20T14:44:25.338173-03:00
c_1173,Testing/notumor/Te-no_388.jpg,Training/notumor/Tr-no_611.jpg,16.270162962962964,,0.0,,aparentemente_distintas,,pendente,2026-09-20T14:43:11.497452-03:00
c_1173,Testing/notumor/Te-no_388.jpg,Training/notumor/Tr-no_709.jpg,26.295822222222224,0.5884379722990721,0.0,,aparentemente_distintas,,pendente,2026-09-20T15:26:32.743538-03:00
c_1173,Testing/notumor/Te-no_388.jpg,Training/notumor/Tr-no_82.jpg,23.312987654320988,,0.0,,provavel_duplicata_visual,,pendente,2026-09-20T14:48:39.912506-03:00
