component_id,relative_path_a,relative_path_b,transformation_tested,mean_difference_original,mean_difference_rotated,identical_rgb_after_rotation,visual_assessment,review_basis,observation,decision,source_file,rotation_b_degrees,comparison_size,mean_absolute_difference,reviewed_at,ssim,same_rgb_shape,identical_rgb_pixels,max_channel_difference
t0_0134,Testing/notumor/Te-no_113.jpg,Testing/notumor/Te-no_140.jpg,rotacao_180_graus_em_b,26.208454320987656,4.345027160493827,False,provavel_duplicata_visual_com_rotacao,inspecao_visual_e_comparacao_rgb,Forte alinhamento visual apos rotacao de 180 graus. Persistem diferencas nos pixels.,pendente,revisao_te_no_113_te_no_140.csv,,,,,,,,
t0_0134,Testing/notumor/Te-no_113.jpg,Training/notumor/Tr-no_1027.jpg,,,,,aparentemente_distintas,inspecao_visual_com_botoes,,pendente,revisao_te_no_113_tr_no_1027_fb0cc3aa68aec2da.csv,0.0,225x225,16.483930864197532,2026-09-20T14:43:49.137907-03:00,,,,
t0_0134,Testing/notumor/Te-no_113.jpg,Training/notumor/Tr-no_1060.jpg,,,,,aparentemente_distintas,inspecao_visual_com_botoes,,pendente,revisao_te_no_113_tr_no_1060_1983c3c8b82dbc15.csv,0.0,225x225,26.275140740740746,2026-09-20T15:26:27.125065-03:00,0.594166413445887,,,
t0_0134,Testing/notumor/Te-no_113.jpg,Training/notumor/Tr-no_1062.jpg,,,,,provavel_duplicata_visual_com_rotacao,revisao_manual_de_contradicao,,pendente,revisao_te_no_113_tr_no_1062_c1ffae024c3d7c34.csv,180.0,225x225,23.46640987654321,2026-09-20T16:04:26.653396-03:00,0.7676278045180376,,,
t0_0134,Testing/notumor/Te-no_113.jpg,Training/notumor/Tr-no_1071.jpg,,,,,provavel_duplicata_visual,revisao_manual_de_contradicao,,pendente,revisao_te_no_113_tr_no_1071_a4904dfe870c61f5.csv,0.0,225x225,3.90317037037037,2026-09-20T16:03:12.852365-03:00,0.9497878887844756,,,
t0_0134,Testing/notumor/Te-no_113.jpg,Training/notumor/Tr-no_1102.jpg,,,,,aparentemente_distintas,inspecao_visual_com_botoes,,pendente,revisao_te_no_113_tr_no_1102_3d8c09addce49539.csv,0.0,225x225,16.337520987654322,2026-09-20T14:43:21.368855-03:00,,,,
t0_0134,Testing/notumor/Te-no_113.jpg,Training/notumor/Tr-no_1124.jpg,,,,,provavel_duplicata_visual,inspecao_visual_com_botoes,,pendente,revisao_te_no_113_tr_no_1124_84b4a3e17d453301.csv,0.0,225x225,23.2769975308642,2026-09-20T14:47:18.178862-03:00,,,,
t0_0134,Testing/notumor/Te-no_113.jpg,Training/notumor/Tr-no_1138.jpg,,,,,provavel_duplicata_visual_com_rotacao,inspecao_visual_com_botoes,,pendente,revisao_te_no_113_tr_no_1138_07a0df7f8ccc67f2.csv,0.0,225x225,4.591130864197531,2026-09-20T14:37:51.266829-03:00,,,,
t0_0134,Testing/notumor/Te-no_113.jpg,Training/notumor/Tr-no_1252.jpg,,,,,provavel_duplicata_visual_com_rotacao,inspecao_visual_da_comparacao_padronizada,Forte correspondencia visual na orientacao exibida. Par entre treino e teste; igualdade de pixels nao confirmada.,pendente,revisao_te_no_113_tr_no_1252.csv,180.0,225x225,,,,,,
t0_0134,Testing/notumor/Te-no_113.jpg,Training/notumor/Tr-no_1257.jpg,,,,,provavel_duplicata_visual_com_rotacao,inspecao_visual_com_botoes,,pendente,revisao_te_no_113_tr_no_1257_b09ab8678f048c8b.csv,180.0,225x225,23.29611851851852,2026-09-20T14:48:12.021029-03:00,,,,
t0_0134,Testing/notumor/Te-no_113.jpg,Training/notumor/Tr-no_203.jpg,,,,,aparentemente_distintas,inspecao_visual_com_botoes,,pendente,revisao_te_no_113_tr_no_203_4da87d6fb8737076.csv,0.0,225x225,26.295624691358025,2026-09-20T15:26:31.928302-03:00,0.591425088820102,,,
t0_0134,Testing/notumor/Te-no_113.jpg,Training/notumor/Tr-no_21.jpg,,,,,provavel_duplicata_visual_com_rotacao,revisao_manual_de_contradicao,,pendente,revisao_te_no_113_tr_no_21_cc3ee3ee37a504d0.csv,180.0,225x225,23.38524444444445,2026-09-20T15:55:09.537354-03:00,0.7894690375453876,,,
t0_0134,Testing/notumor/Te-no_113.jpg,Training/notumor/Tr-no_224.jpg,,,,,provavel_duplicata_visual_com_rotacao,revisao_manual_de_contradicao,,pendente,revisao_te_no_113_tr_no_224_d54dc53dacdb7076.csv,180.0,225x225,23.334538271604934,2026-09-20T15:55:56.309607-03:00,0.797523990003197,,,
t0_0134,Testing/notumor/Te-no_113.jpg,Training/notumor/Tr-no_241.jpg,,,,,aparentemente_distintas,inspecao_visual_com_botoes,,pendente,revisao_te_no_113_tr_no_241_bc532fff41c18043.csv,180.0,225x225,16.738725925925927,2026-09-20T14:44:20.272254-03:00,,,,
t0_0134,Testing/notumor/Te-no_113.jpg,Training/notumor/Tr-no_249.jpg,,,,,provavel_duplicata_visual,revisao_manual_de_contradicao,,pendente,revisao_te_no_113_tr_no_249_5ed13931f9620a94.csv,180.0,225x225,23.39518024691358,2026-09-20T16:02:16.323504-03:00,0.7892158425718444,,,
t0_0134,Testing/notumor/Te-no_113.jpg,Training/notumor/Tr-no_251.jpg,,,,,inconclusivo,revisao_manual_de_contradicao,,pendente,revisao_te_no_113_tr_no_251_d2a71131378edfa7.csv,180.0,225x225,22.815565432098765,2026-09-20T16:03:21.468332-03:00,0.7765853534510927,,,
t0_0134,Testing/notumor/Te-no_113.jpg,Training/notumor/Tr-no_267.jpg,,,,,aparentemente_distintas,inspecao_visual_com_botoes,,pendente,revisao_te_no_113_tr_no_267_f69e853048fac7aa.csv,180.0,225x225,16.363417283950618,2026-09-20T14:43:25.533056-03:00,,,,
t0_0134,Testing/notumor/Te-no_113.jpg,Training/notumor/Tr-no_322.jpg,,,,,aparentemente_distintas,inspecao_visual_com_botoes,,pendente,revisao_te_no_113_tr_no_322_321cd29351839881.csv,180.0,225x225,26.249027160493828,2026-09-20T15:26:23.246863-03:00,0.5926130522836174,,,
t0_0134,Testing/notumor/Te-no_113.jpg,Training/notumor/Tr-no_339.jpg,,,,,aparentemente_distintas,inspecao_visual_com_botoes,,pendente,revisao_te_no_113_tr_no_339_899ac7a7a33bc007.csv,0.0,225x225,26.30129382716049,2026-09-20T15:26:41.926407-03:00,0.5909397571790419,,,
t0_0134,Testing/notumor/Te-no_113.jpg,Training/notumor/Tr-no_46.jpg,,,,,aparentemente_distintas,inspecao_visual_com_botoes,,pendente,revisao_te_no_113_tr_no_46_917f80c444b910ed.csv,0.0,225x225,16.69023209876543,2026-09-20T14:44:11.609616-03:00,,,,
t0_0134,Testing/notumor/Te-no_113.jpg,Training/notumor/Tr-no_611.jpg,,,,,aparentemente_distintas,inspecao_visual_com_botoes,,pendente,revisao_te_no_113_tr_no_611_f08e37c7c1a5fdb7.csv,180.0,225x225,16.262972839506173,2026-09-20T14:43:08.020516-03:00,,,,
t0_0134,Testing/notumor/Te-no_113.jpg,Training/notumor/Tr-no_709.jpg,,,,,aparentemente_distintas,inspecao_visual_com_botoes,,pendente,revisao_te_no_113_tr_no_709_43bd3bfe502ea261.csv,180.0,225x225,26.28997530864197,2026-09-20T15:26:28.098688-03:00,0.5899546449064148,,,
t0_0134,Testing/notumor/Te-no_113.jpg,Training/notumor/Tr-no_82.jpg,,,,,provavel_duplicata_visual_com_rotacao,revisao_manual_de_contradicao,,pendente,revisao_te_no_113_tr_no_82_bfe00dba7f0a8540.csv,180.0,225x225,23.34415802469136,2026-09-20T16:03:54.622400-03:00,0.7971268000886004,,,
t0_0134,Testing/notumor/Te-no_140.jpg,Training/notumor/Tr-no_1027.jpg,,,,,aparentemente_distintas,inspecao_visual_com_botoes,,pendente,revisao_te_no_140_tr_no_1027_08aaeddf2615f5d7.csv,180.0,225x225,16.788385185185184,2026-09-20T14:44:22.525399-03:00,,,,
t0_0134,Testing/notumor/Te-no_140.jpg,Training/notumor/Tr-no_1060.jpg,,,,,aparentemente_distintas,inspecao_visual_com_botoes,,pendente,revisao_te_no_140_tr_no_1060_e95ef0f4d7185747.csv,180.0,225x225,26.41935802469136,2026-09-20T15:27:12.364956-03:00,0.5862118380807488,,,
t0_0134,Testing/notumor/Te-no_140.jpg,Training/notumor/Tr-no_1062.jpg,,,,,provavel_duplicata_visual,revisao_manual_de_contradicao,,pendente,revisao_te_no_140_tr_no_1062_12e8dae6fa3bb8f1.csv,0.0,225x225,23.633461728395066,2026-09-20T15:54:41.098053-03:00,0.7504928777950256,,,
t0_0134,Testing/notumor/Te-no_140.jpg,Training/notumor/Tr-no_1071.jpg,,,,,provavel_duplicata_visual,revisao_manual_de_contradicao,,pendente,revisao_te_no_140_tr_no_1071_00ba8101dc8b65d0.csv,180.0,225x225,5.02484938271605,2026-09-20T15:58:44.942815-03:00,0.9220416365200862,,,
t0_0134,Testing/notumor/Te-no_140.jpg,Training/notumor/Tr-no_1102.jpg,,,,,aparentemente_distintas,inspecao_visual_com_botoes,,pendente,revisao_te_no_140_tr_no_1102_be27ff07a2a84b0e.csv,180.0,225x225,16.612227160493827,2026-09-20T14:44:05.295318-03:00,,,,
t0_0134,Testing/notumor/Te-no_140.jpg,Training/notumor/Tr-no_1124.jpg,,,,,provavel_duplicata_visual_com_rotacao,inspecao_visual_com_botoes,,pendente,revisao_te_no_140_tr_no_1124_80680bb8ba1140f2.csv,180.0,225x225,23.3297975308642,2026-09-20T15:32:18.942052-03:00,0.8022332929481184,,,
t0_0134,Testing/notumor/Te-no_140.jpg,Training/notumor/Tr-no_1138.jpg,,,,,provavel_duplicata_visual,revisao_manual_de_contradicao,,pendente,revisao_te_no_140_tr_no_1138_55e0a0c110f0955d.csv,180.0,225x225,5.242725925925926,2026-09-20T16:07:24.806199-03:00,0.916947149655032,,,
t0_0134,Testing/notumor/Te-no_140.jpg,Training/notumor/Tr-no_1252.jpg,,,,,provavel_duplicata_visual,inspecao_visual_interativa_padronizada,,pendente,revisao_te_no_140_tr_no_1252_bfb14494c13e8572.csv,0.0,225x225,4.121797530864198,2026-09-20T14:26:51-03:00,,,,
t0_0134,Testing/notumor/Te-no_140.jpg,Training/notumor/Tr-no_1257.jpg,,,,,aparentemente_distintas,inspecao_visual_com_botoes,,pendente,revisao_te_no_140_tr_no_1257_b7c02616b8efe1ea.csv,0.0,225x225,23.472138271604937,2026-09-20T15:25:31.757485-03:00,0.7817465315751959,,,
t0_0134,Testing/notumor/Te-no_140.jpg,Training/notumor/Tr-no_203.jpg,,,,,aparentemente_distintas,inspecao_visual_com_botoes,,pendente,revisao_te_no_140_tr_no_203_4647d6fa43845dc4.csv,180.0,225x225,26.42565925925926,2026-09-20T15:27:13.279835-03:00,0.5845841155364141,,,
t0_0134,Testing/notumor/Te-no_140.jpg,Training/notumor/Tr-no_21.jpg,,,,,aparentemente_distintas,inspecao_visual_com_botoes,,pendente,revisao_te_no_140_tr_no_21_ac7127c323022621.csv,0.0,225x225,23.52717037037037,2026-09-20T15:25:57.477536-03:00,0.771945569182462,,,
t0_0134,Testing/notumor/Te-no_140.jpg,Training/notumor/Tr-no_224.jpg,,,,,aparentemente_distintas,inspecao_visual_com_botoes,,pendente,revisao_te_no_140_tr_no_224_a4633077cccf2981.csv,0.0,225x225,23.502617283950617,2026-09-20T15:25:49.972023-03:00,0.7768590034768088,,,
t0_0134,Testing/notumor/Te-no_140.jpg,Training/notumor/Tr-no_241.jpg,,,,,aparentemente_distintas,inspecao_visual_com_botoes,,pendente,revisao_te_no_140_tr_no_241_36879684705e99f4.csv,0.0,225x225,16.953817283950617,2026-09-20T14:44:32.507483-03:00,,,,
t0_0134,Testing/notumor/Te-no_140.jpg,Training/notumor/Tr-no_249.jpg,,,,,aparentemente_distintas,inspecao_visual_com_botoes,,pendente,revisao_te_no_140_tr_no_249_cc21ac76c324b408.csv,0.0,225x225,23.436444444444444,2026-09-20T15:25:03.591938-03:00,0.7870028047743983,,,
t0_0134,Testing/notumor/Te-no_140.jpg,Training/notumor/Tr-no_251.jpg,,,,,aparentemente_distintas,revisao_manual_de_contradicao,,pendente,revisao_te_no_140_tr_no_251_8f3908c11e09911a.csv,0.0,225x225,22.992967901234568,2026-09-20T16:09:35.442193-03:00,0.7606446320153832,,,
t0_0134,Testing/notumor/Te-no_140.jpg,Training/notumor/Tr-no_267.jpg,,,,,aparentemente_distintas,inspecao_visual_com_botoes,,pendente,revisao_te_no_140_tr_no_267_5799a98e5cd45647.csv,0.0,225x225,16.59427160493827,2026-09-20T14:44:02.090346-03:00,,,,
t0_0134,Testing/notumor/Te-no_140.jpg,Training/notumor/Tr-no_322.jpg,,,,,aparentemente_distintas,inspecao_visual_com_botoes,,pendente,revisao_te_no_140_tr_no_322_03b49bd8bcbfd9c6.csv,0.0,225x225,26.377955555555555,2026-09-20T15:27:05.913076-03:00,0.5834426285713169,,,
t0_0134,Testing/notumor/Te-no_140.jpg,Training/notumor/Tr-no_339.jpg,,,,,aparentemente_distintas,inspecao_visual_com_botoes,,pendente,revisao_te_no_140_tr_no_339_d5b0e932e22f4203.csv,180.0,225x225,26.39715555555556,2026-09-20T15:27:09.468981-03:00,0.5839677618953523,,,
t0_0134,Testing/notumor/Te-no_140.jpg,Training/notumor/Tr-no_46.jpg,,,,,aparentemente_distintas,inspecao_visual_com_botoes,,pendente,revisao_te_no_140_tr_no_46_92d5328421fa4b81.csv,180.0,225x225,16.956997530864196,2026-09-20T14:44:34.412035-03:00,,,,
t0_0134,Testing/notumor/Te-no_140.jpg,Training/notumor/Tr-no_611.jpg,,,,,aparentemente_distintas,inspecao_visual_com_botoes,,pendente,revisao_te_no_140_tr_no_611_c78c51842b2359a5.csv,0.0,225x225,16.557787654320986,2026-09-20T14:43:55.644174-03:00,,,,
t0_0134,Testing/notumor/Te-no_140.jpg,Training/notumor/Tr-no_709.jpg,,,,,aparentemente_distintas,inspecao_visual_com_botoes,,pendente,revisao_te_no_140_tr_no_709_df3eb6c77e0a508d.csv,0.0,225x225,26.40250864197531,2026-09-20T15:27:11.643607-03:00,0.5837283534410108,,,
t0_0134,Testing/notumor/Te-no_140.jpg,Training/notumor/Tr-no_82.jpg,,,,,aparentemente_distintas,inspecao_visual_com_botoes,,pendente,revisao_te_no_140_tr_no_82_d0f12303246b3605.csv,0.0,225x225,23.511486419753087,2026-09-20T15:25:50.996547-03:00,0.7765245239342404,,,
t0_0134,Testing/notumor/Te-no_189.jpg,Training/notumor/Tr-no_1027.jpg,,,,,provavel_duplicata_visual_com_rotacao,revisao_manual_de_contradicao,Forte correspondencia visual na orientacao exibida. Par entre treino e teste; igualdade de pixels nao confirmada.,pendente,revisao_te_no_189_tr_no_1027.csv,180.0,225x225,2.846637037037037,2026-09-20T16:07:39.678173-03:00,0.9705836553366256,,,
t0_0134,Testing/notumor/Te-no_189.jpg,Training/notumor/Tr-no_1060.jpg,,,,,provavel_duplicata_visual_com_rotacao,revisao_manual_de_contradicao,,pendente,revisao_te_no_189_tr_no_1060_9136b79967eb0af9.csv,180.0,225x225,23.28495802469136,2026-09-20T15:51:01.317689-03:00,0.8052911469496019,,,
t0_0134,Testing/notumor/Te-no_189.jpg,Training/notumor/Tr-no_1062.jpg,,,,,aparentemente_distintas,inspecao_visual_com_botoes,,pendente,revisao_te_no_189_tr_no_1062_1e5ae0be3a0d48a4.csv,0.0,225x225,26.256928395061728,2026-09-20T15:26:25.026115-03:00,0.5906437716026278,,,
t0_0134,Testing/notumor/Te-no_189.jpg,Training/notumor/Tr-no_1071.jpg,,,,,aparentemente_distintas,inspecao_visual_com_botoes,,pendente,revisao_te_no_189_tr_no_1071_dc63037ef1a936a2.csv,180.0,225x225,16.45989135802469,2026-09-20T14:43:41.026381-03:00,,,,
t0_0134,Testing/notumor/Te-no_189.jpg,Training/notumor/Tr-no_1102.jpg,,,,,provavel_duplicata_visual_com_rotacao,inspecao_visual_interativa_padronizada,,pendente,revisao_te_no_189_tr_no_1102_761824b633e69e2e.csv,180.0,225x225,4.066350617283951,2026-09-20T14:26:11-03:00,,,,
t0_0134,Testing/notumor/Te-no_189.jpg,Training/notumor/Tr-no_1124.jpg,,,,,aparentemente_distintas,inspecao_visual_com_botoes,,pendente,revisao_te_no_189_tr_no_1124_8259912ee66b3303.csv,180.0,225x225,26.31841975308642,2026-09-20T15:26:54.315757-03:00,0.589636157160667,,,
t0_0134,Testing/notumor/Te-no_189.jpg,Training/notumor/Tr-no_1138.jpg,,,,,aparentemente_distintas,inspecao_visual_com_botoes,,pendente,revisao_te_no_189_tr_no_1138_4252a0d4db5b6c6e.csv,180.0,225x225,16.699812345679014,2026-09-20T14:44:13.720578-03:00,,,,
t0_0134,Testing/notumor/Te-no_189.jpg,Training/notumor/Tr-no_1252.jpg,,,,,aparentemente_distintas,inspecao_visual_com_botoes,,pendente,revisao_te_no_189_tr_no_1252_8169812dc47fa569.csv,0.0,225x225,16.57455802469136,2026-09-20T14:43:58.519819-03:00,,,,
t0_0134,Testing/notumor/Te-no_189.jpg,Training/notumor/Tr-no_1257.jpg,,,,,aparentemente_distintas,inspecao_visual_com_botoes,,pendente,revisao_te_no_189_tr_no_1257_6c001c0c89d91cba.csv,0.0,225x225,26.308938271604937,2026-09-20T15:26:48.303517-03:00,0.5911153215772198,,,
t0_0134,Testing/notumor/Te-no_189.jpg,Training/notumor/Tr-no_203.jpg,,,,,provavel_duplicata_visual_com_rotacao,revisao_manual_de_contradicao,,pendente,revisao_te_no_189_tr_no_203_04da2a7d1cb4cbcc.csv,180.0,225x225,23.31508148148148,2026-09-20T15:51:46.297053-03:00,0.7972500866990863,,,
t0_0134,Testing/notumor/Te-no_189.jpg,Training/notumor/Tr-no_21.jpg,,,,,aparentemente_distintas,inspecao_visual_com_botoes,,pendente,revisao_te_no_189_tr_no_21_8c6c1658f237a5bc.csv,0.0,225x225,26.317827160493827,2026-09-20T15:26:53.596914-03:00,0.5904339678701789,,,
t0_0134,Testing/notumor/Te-no_189.jpg,Training/notumor/Tr-no_224.jpg,,,,,aparentemente_distintas,revisao_manual_de_contradicao,,pendente,revisao_te_no_189_tr_no_224_4faad21d80a471ee.csv,0.0,225x225,26.293669135802467,2026-09-20T15:50:15.492082-03:00,0.5924955441976415,,,
t0_0134,Testing/notumor/Te-no_189.jpg,Training/notumor/Tr-no_241.jpg,,,,,provavel_duplicata_visual,inspecao_visual_interativa_padronizada,,pendente,revisao_te_no_189_tr_no_241_ace91f92538d4c3c.csv,0.0,225x225,4.031841975308642,2026-09-20T14:25:50-03:00,,,,
t0_0134,Testing/notumor/Te-no_189.jpg,Training/notumor/Tr-no_249.jpg,,,,,aparentemente_distintas,inspecao_visual_com_botoes,,pendente,revisao_te_no_189_tr_no_249_5086bd0d7fb947a2.csv,0.0,225x225,26.32653827160494,2026-09-20T15:26:55.768733-03:00,0.5874854649649365,,,
t0_0134,Testing/notumor/Te-no_189.jpg,Training/notumor/Tr-no_251.jpg,,,,,aparentemente_distintas,inspecao_visual_com_botoes,,pendente,revisao_te_no_189_tr_no_251_285c156c50a04d48.csv,0.0,225x225,26.69222716049383,2026-09-20T15:27:14.819826-03:00,0.5791495009611257,,,
t0_0134,Testing/notumor/Te-no_189.jpg,Training/notumor/Tr-no_267.jpg,,,,,provavel_duplicata_visual,inspecao_visual_interativa_padronizada,,pendente,revisao_te_no_189_tr_no_267_e92969883c8b7e8e.csv,0.0,225x225,3.906725925925926,2026-09-20T14:25:20-03:00,,,,
t0_0134,Testing/notumor/Te-no_189.jpg,Training/notumor/Tr-no_322.jpg,,,,,provavel_duplicata_visual,revisao_manual_de_contradicao,,pendente,revisao_te_no_189_tr_no_322_67402675a527e8e6.csv,0.0,225x225,23.50014814814815,2026-09-20T16:01:06.951671-03:00,0.7632621381046394,,,
t0_0134,Testing/notumor/Te-no_189.jpg,Training/notumor/Tr-no_339.jpg,,,,,provavel_duplicata_visual,revisao_manual_de_contradicao,,pendente,revisao_te_no_189_tr_no_339_f46268c323d6e190.csv,180.0,225x225,23.43247407407408,2026-09-20T15:59:45.387537-03:00,0.7797812621788651,,,
t0_0134,Testing/notumor/Te-no_189.jpg,Training/notumor/Tr-no_46.jpg,,,,,provavel_duplicata_visual_com_rotacao,inspecao_visual_interativa_padronizada,,pendente,revisao_te_no_189_tr_no_46_070de5d826333330.csv,180.0,225x225,4.187437037037037,2026-09-20T14:27:14-03:00,,,,
t0_0134,Testing/notumor/Te-no_189.jpg,Training/notumor/Tr-no_611.jpg,,,,,provavel_duplicata_visual,inspecao_visual_com_botoes,,pendente,revisao_te_no_189_tr_no_611_9ad6f30e77f5dd1e.csv,0.0,225x225,5.262558024691358,2026-09-20T14:40:56.845185-03:00,,,,
t0_0134,Testing/notumor/Te-no_189.jpg,Training/notumor/Tr-no_709.jpg,,,,,aparentemente_distintas,revisao_manual_de_contradicao,,pendente,revisao_te_no_189_tr_no_709_7d9b25717b8c5c4b.csv,0.0,225x225,23.377422222222226,2026-09-20T16:09:51.975369-03:00,0.7907029805617309,,,
t0_0134,Testing/notumor/Te-no_189.jpg,Training/notumor/Tr-no_82.jpg,,,,,aparentemente_distintas,inspecao_visual_com_botoes,,pendente,revisao_te_no_189_tr_no_82_79aa8fc83b288fea.csv,0.0,225x225,26.30123456790124,2026-09-20T15:26:38.911638-03:00,0.5922362702637892,,,
t0_0134,Testing/notumor/Te-no_209.jpg,Training/notumor/Tr-no_1124.jpg,,,,,provavel_duplicata_visual,inspecao_visual_da_comparacao_padronizada,Forte correspondencia visual com a referencia na orientacao exibida. Par entre treino e teste.,pendente,revisao_te_no_209_tr-no_1124.csv,0.0,225x225,,,,,,
t0_0134,Testing/notumor/Te-no_209.jpg,Training/notumor/Tr-no_224.jpg,,,,,provavel_duplicata_visual_com_rotacao,inspecao_visual_da_comparacao_padronizada,Forte correspondencia visual com a referencia na orientacao exibida. Par entre treino e teste.,pendente,revisao_te_no_209_tr-no_224.csv,180.0,225x225,,,,,,
t0_0134,Testing/notumor/Te-no_209.jpg,Training/notumor/Tr-no_82.jpg,,,,,provavel_duplicata_visual_com_rotacao,inspecao_visual_da_comparacao_padronizada,Forte correspondencia visual com a referencia na orientacao exibida. Par entre treino e teste.,pendente,revisao_te_no_209_tr-no_82.csv,180.0,225x225,,,,,,
t0_0134,Testing/notumor/Te-no_209.jpg,Training/notumor/Tr-no_1027.jpg,,,,,aparentemente_distintas,inspecao_visual_com_botoes,,pendente,revisao_te_no_209_tr_no_1027_76f09ebadb52b58f.csv,0.0,225x225,26.30159012345679,2026-09-20T15:26:42.848180-03:00,0.5937783601441757,,,
t0_0134,Testing/notumor/Te-no_209.jpg,Training/notumor/Tr-no_1060.jpg,,,,,aparentemente_distintas,inspecao_visual_com_botoes,,pendente,revisao_te_no_209_tr_no_1060_77db88ea127ba834.csv,0.0,225x225,9.38639012345679,2026-09-20T14:42:21.782478-03:00,,,,
t0_0134,Testing/notumor/Te-no_209.jpg,Training/notumor/Tr-no_1062.jpg,,,,,provavel_duplicata_visual_com_rotacao,revisao_manual_de_contradicao,Forte correspondencia visual na orientacao exibida. Par entre treino e teste; igualdade de pixels nao confirmada.,pendente,revisao_te_no_209_tr_no_1062.csv,180.0,225x225,2.9132246913580246,2026-09-20T16:02:08.180736-03:00,0.93879371636447,,,
t0_0134,Testing/notumor/Te-no_209.jpg,Training/notumor/Tr-no_1071.jpg,,,,,provavel_duplicata_visual,inspecao_visual_com_botoes,,pendente,revisao_te_no_209_tr_no_1071_2e587c9d5dbc6a8b.csv,0.0,225x225,23.31431111111111,2026-09-20T14:48:52.645406-03:00,,,,
t0_0134,Testing/notumor/Te-no_209.jpg,Training/notumor/Tr-no_1102.jpg,,,,,aparentemente_distintas,inspecao_visual_com_botoes,,pendente,revisao_te_no_209_tr_no_1102_e9da23aacfd677ee.csv,0.0,225x225,26.15743209876544,2026-09-20T15:26:10.714102-03:00,0.5979174414959139,,,
t0_0134,Testing/notumor/Te-no_209.jpg,Training/notumor/Tr-no_1138.jpg,,,,,provavel_duplicata_visual,inspecao_visual_com_botoes,,pendente,revisao_te_no_209_tr_no_1138_eb930275063c4d2b.csv,0.0,225x225,23.31036049382716,2026-09-20T14:48:26.194646-03:00,,,,
t0_0134,Testing/notumor/Te-no_209.jpg,Training/notumor/Tr-no_1252.jpg,,,,,aparentemente_distintas,inspecao_visual_com_botoes,,pendente,revisao_te_no_209_tr_no_1252_c34baf06ce5a4a9c.csv,180.0,225x225,23.41680987654321,2026-09-20T15:24:34.294060-03:00,0.7868483859257914,,,
t0_0134,Testing/notumor/Te-no_209.jpg,Training/notumor/Tr-no_1257.jpg,,,,,provavel_duplicata_visual_com_rotacao,inspecao_visual_da_comparacao_padronizada,Forte correspondencia visual na orientacao exibida. Par entre treino e teste; igualdade de pixels nao confirmada.,pendente,revisao_te_no_209_tr_no_1257.csv,180.0,225x225,,,,,,
t0_0134,Testing/notumor/Te-no_209.jpg,Training/notumor/Tr-no_203.jpg,,,,,aparentemente_distintas,inspecao_visual_com_botoes,,pendente,revisao_te_no_209_tr_no_203_b9dd76b6191a29da.csv,0.0,225x225,9.480908641975308,2026-09-20T14:42:33.392646-03:00,,,,
t0_0134,Testing/notumor/Te-no_209.jpg,Training/notumor/Tr-no_21.jpg,rotacao_180_graus_em_b,,,,provavel_duplicata_visual_com_rotacao,inspecao_visual_da_comparacao_padronizada,"Forte correspondencia visual apos rotacao de 180 graus. Par entre treino e teste, ambos rotulados como notumor.",pendente,revisao_te_no_209_tr_no_21.csv,,225x225,2.139279012345679,,,,,
t0_0134,Testing/notumor/Te-no_209.jpg,Training/notumor/Tr-no_241.jpg,,,,,aparentemente_distintas,inspecao_visual_com_botoes,,pendente,revisao_te_no_209_tr_no_241_f468c96c4ac8e8cb.csv,180.0,225x225,26.382676543209875,2026-09-20T15:27:07.330137-03:00,0.5856399408709532,,,
t0_0134,Testing/notumor/Te-no_209.jpg,Training/notumor/Tr-no_249.jpg,,,,,provavel_duplicata_visual_com_rotacao,inspecao_visual_interativa_padronizada,,pendente,revisao_te_no_209_tr_no_249.csv,180.0,225x225,2.989353086419753,2026-09-20T00:50:48-03:00,,,,
t0_0134,Testing/notumor/Te-no_209.jpg,Training/notumor/Tr-no_251.jpg,,,,,provavel_duplicata_visual_com_rotacao,inspecao_visual_com_botoes,,pendente,revisao_te_no_209_tr_no_251_a254e96bea175396.csv,180.0,225x225,5.334617283950617,2026-09-20T14:41:09.390481-03:00,,,,
t0_0134,Testing/notumor/Te-no_209.jpg,Training/notumor/Tr-no_267.jpg,,,,,aparentemente_distintas,inspecao_visual_com_botoes,,pendente,revisao_te_no_209_tr_no_267_19cd808f3399281c.csv,180.0,225x225,26.152395061728395,2026-09-20T15:26:10.053007-03:00,0.5973733514585325,,,
t0_0134,Testing/notumor/Te-no_209.jpg,Training/notumor/Tr-no_322.jpg,,,,,aparentemente_distintas,inspecao_visual_com_botoes,,pendente,revisao_te_no_209_tr_no_322_b9cdddf1960da715.csv,180.0,225x225,9.322192592592591,2026-09-20T14:41:50.631154-03:00,,,,
t0_0134,Testing/notumor/Te-no_209.jpg,Training/notumor/Tr-no_339.jpg,,,,,aparentemente_distintas,inspecao_visual_com_botoes,,pendente,revisao_te_no_209_tr_no_339_04d2a30edd4916b9.csv,0.0,225x225,9.523792592592592,2026-09-20T14:42:35.602243-03:00,,,,
t0_0134,Testing/notumor/Te-no_209.jpg,Training/notumor/Tr-no_46.jpg,,,,,aparentemente_distintas,inspecao_visual_com_botoes,,pendente,revisao_te_no_209_tr_no_46_fd18880294d0d23c.csv,0.0,225x225,26.37226666666667,2026-09-20T15:27:05.103159-03:00,0.5865816270976414,,,
t0_0134,Testing/notumor/Te-no_209.jpg,Training/notumor/Tr-no_611.jpg,,,,,aparentemente_distintas,inspecao_visual_com_botoes,,pendente,revisao_te_no_209_tr_no_611_d84d5cf9a596f191.csv,180.0,225x225,26.171061728395063,2026-09-20T15:26:13.004631-03:00,0.588525089355267,,,
t0_0134,Testing/notumor/Te-no_209.jpg,Training/notumor/Tr-no_709.jpg,,,,,aparentemente_distintas,inspecao_visual_com_botoes,,pendente,revisao_te_no_209_tr_no_709_762486f6cb9a14e2.csv,180.0,225x225,9.569916049382716,2026-09-20T14:42:41.849066-03:00,,,,
t0_0134,Testing/notumor/Te-no_260.jpg,Training/notumor/Tr-no_1027.jpg,,,,,provavel_duplicata_visual_com_rotacao,inspecao_visual_interativa_padronizada,,pendente,revisao_te_no_260_tr_no_1027_4f5e62e2364b5dba.csv,180.0,225x225,4.24077037037037,2026-09-20T14:28:52-03:00,,,,
t0_0134,Testing/notumor/Te-no_260.jpg,Training/notumor/Tr-no_1060.jpg,,,,,provavel_duplicata_visual_com_rotacao,revisao_manual_de_contradicao,,pendente,revisao_te_no_260_tr_no_1060_c756456831c4dcfe.csv,180.0,225x225,23.397866666666665,2026-09-20T15:57:34.667238-03:00,0.79233750474592,,,
t0_0134,Testing/notumor/Te-no_260.jpg,Training/notumor/Tr-no_1062.jpg,,,,,aparentemente_distintas,inspecao_visual_com_botoes,,pendente,revisao_te_no_260_tr_no_1062_0cbf2e440e51fd09.csv,0.0,225x225,26.267753086419752,2026-09-20T15:26:26.205540-03:00,0.5948169493386388,,,
t0_0134,Testing/notumor/Te-no_260.jpg,Training/notumor/Tr-no_1071.jpg,,,,,aparentemente_distintas,inspecao_visual_com_botoes,,pendente,revisao_te_no_260_tr_no_1071_b1f493afca0d4fec.csv,180.0,225x225,16.398933333333332,2026-09-20T14:43:33.171110-03:00,,,,
t0_0134,Testing/notumor/Te-no_260.jpg,Training/notumor/Tr-no_1102.jpg,,,,,provavel_duplicata_visual_com_rotacao,inspecao_visual_interativa_padronizada,,pendente,revisao_te_no_260_tr_no_1102_164e85d570c2b43c.csv,180.0,225x225,3.70960987654321,2026-09-20T14:23:23-03:00,,,,
t0_0134,Testing/notumor/Te-no_260.jpg,Training/notumor/Tr-no_1124.jpg,,,,,aparentemente_distintas,inspecao_visual_com_botoes,,pendente,revisao_te_no_260_tr_no_1124_c39cd5a9b4aa87f6.csv,180.0,225x225,26.340424691358024,2026-09-20T15:26:58.613515-03:00,0.5905518075470981,,,
t0_0134,Testing/notumor/Te-no_260.jpg,Training/notumor/Tr-no_1138.jpg,,,,,aparentemente_distintas,inspecao_visual_com_botoes,,pendente,revisao_te_no_260_tr_no_1138_bc774ff63c3600b1.csv,180.0,225x225,16.61519012345679,2026-09-20T14:44:07.588125-03:00,,,,
t0_0134,Testing/notumor/Te-no_260.jpg,Training/notumor/Tr-no_1252.jpg,,,,,aparentemente_distintas,inspecao_visual_com_botoes,,pendente,revisao_te_no_260_tr_no_1252_ef27c3c1794f5512.csv,0.0,225x225,16.555792592592592,2026-09-20T14:43:53.069045-03:00,,,,
t0_0134,Testing/notumor/Te-no_260.jpg,Training/notumor/Tr-no_1257.jpg,,,,,aparentemente_distintas,inspecao_visual_com_botoes,,pendente,revisao_te_no_260_tr_no_1257_9b7da9e2cc5abf4b.csv,0.0,225x225,26.31126913580247,2026-09-20T15:26:51.156223-03:00,0.5938991836548015,,,
t0_0134,Testing/notumor/Te-no_260.jpg,Training/notumor/Tr-no_203.jpg,,,,,provavel_duplicata_visual,revisao_manual_de_contradicao,,pendente,revisao_te_no_260_tr_no_203_655a6ff776d0ba65.csv,180.0,225x225,23.431624691358024,2026-09-20T15:58:35.185049-03:00,0.7857920287310164,,,
t0_0134,Testing/notumor/Te-no_260.jpg,Training/notumor/Tr-no_21.jpg,,,,,aparentemente_distintas,inspecao_visual_com_botoes,,pendente,revisao_te_no_260_tr_no_21_c00e62c6ac97161f.csv,0.0,225x225,26.32888888888889,2026-09-20T15:26:56.448308-03:00,0.5943145669003843,,,
t0_0134,Testing/notumor/Te-no_260.jpg,Training/notumor/Tr-no_224.jpg,,,,,aparentemente_distintas,inspecao_visual_com_botoes,,pendente,revisao_te_no_260_tr_no_224_da7e2f9f844c9921.csv,0.0,225x225,26.298725925925925,2026-09-20T15:26:37.359369-03:00,0.5963537474277921,,,
t0_0134,Testing/notumor/Te-no_260.jpg,Training/notumor/Tr-no_241.jpg,,,,,provavel_duplicata_visual,inspecao_visual_com_botoes,,pendente,revisao_te_no_260_tr_no_241_111fed382bbd2ed6.csv,0.0,225x225,4.703565432098766,2026-09-20T14:38:51.419977-03:00,,,,
t0_0134,Testing/notumor/Te-no_260.jpg,Training/notumor/Tr-no_249.jpg,,,,,aparentemente_distintas,inspecao_visual_com_botoes,,pendente,revisao_te_no_260_tr_no_249_2f926618b8d6c755.csv,0.0,225x225,26.34332839506173,2026-09-20T15:26:59.306356-03:00,0.5900646143978447,,,
t0_0134,Testing/notumor/Te-no_260.jpg,Training/notumor/Tr-no_251.jpg,,,,,aparentemente_distintas,inspecao_visual_com_botoes,,pendente,revisao_te_no_260_tr_no_251_46c0ba7970f60672.csv,0.0,225x225,26.728375308641976,2026-09-20T15:27:15.533421-03:00,0.5828677713533893,,,
t0_0134,Testing/notumor/Te-no_260.jpg,Training/notumor/Tr-no_267.jpg,,,,,provavel_duplicata_visual,inspecao_visual_interativa_padronizada,,pendente,revisao_te_no_260_tr_no_267.csv,0.0,225x225,3.3182814814814816,2026-09-20T00:52:19-03:00,,,,
t0_0134,Testing/notumor/Te-no_260.jpg,Training/notumor/Tr-no_322.jpg,,,,,provavel_duplicata_visual,revisao_manual_de_contradicao,,pendente,revisao_te_no_260_tr_no_322_2fd9a155f7fc2c6d.csv,0.0,225x225,23.47344197530864,2026-09-20T16:01:13.658639-03:00,0.7714799245357844,,,
t0_0134,Testing/notumor/Te-no_260.jpg,Training/notumor/Tr-no_339.jpg,,,,,provavel_duplicata_visual,revisao_manual_de_contradicao,,pendente,revisao_te_no_260_tr_no_339_70c63d10535aab98.csv,180.0,225x225,23.35026172839506,2026-09-20T16:01:18.258173-03:00,0.7973645550779642,,,
t0_0134,Testing/notumor/Te-no_260.jpg,Training/notumor/Tr-no_46.jpg,,,,,provavel_duplicata_visual_com_rotacao,inspecao_visual_com_botoes,,pendente,revisao_te_no_260_tr_no_46_895fe9bfca9571d7.csv,180.0,225x225,4.817955555555556,2026-09-20T14:39:03.287235-03:00,,,,
t0_0134,Testing/notumor/Te-no_260.jpg,Training/notumor/Tr-no_611.jpg,,,,,provavel_duplicata_visual,revisao_manual_de_contradicao,,pendente,revisao_te_no_260_tr_no_611_0f2cb2e9e75d2702.csv,0.0,225x225,4.89680987654321,2026-09-20T16:01:25.698787-03:00,0.9083104876885918,,,
t0_0134,Testing/notumor/Te-no_260.jpg,Training/notumor/Tr-no_709.jpg,,,,,provavel_duplicata_visual,revisao_manual_de_contradicao,,pendente,revisao_te_no_260_tr_no_709_d182f3de502ccc9f.csv,0.0,225x225,23.40404938271605,2026-09-20T16:08:00.376798-03:00,0.7908784535549482,,,
t0_0134,Testing/notumor/Te-no_260.jpg,Training/notumor/Tr-no_82.jpg,,,,,aparentemente_distintas,inspecao_visual_com_botoes,,pendente,revisao_te_no_260_tr_no_82_38b3f7ef44fe3f90.csv,0.0,225x225,26.302301234567903,2026-09-20T15:26:47.481287-03:00,0.5962104920367822,,,
t0_0134,Testing/notumor/Te-no_271.jpg,Training/notumor/Tr-no_1027.jpg,,,,,provavel_duplicata_visual_com_rotacao,inspecao_visual_com_botoes,,pendente,revisao_te_no_271_tr_no_1027_b2af1db5848dee06.csv,180.0,225x225,4.863604938271605,2026-09-20T14:39:09.227429-03:00,,,,
t0_0134,Testing/notumor/Te-no_271.jpg,Training/notumor/Tr-no_1060.jpg,,,,,provavel_duplicata_visual_com_rotacao,revisao_manual_de_contradicao,,pendente,revisao_te_no_271_tr_no_1060_ae2c5408bea21e32.csv,180.0,225x225,23.38548148148148,2026-09-20T16:01:34.307385-03:00,0.7766079052285557,,,
t0_0134,Testing/notumor/Te-no_271.jpg,Training/notumor/Tr-no_1062.jpg,,,,,aparentemente_distintas,inspecao_visual_com_botoes,,pendente,revisao_te_no_271_tr_no_1062_55e55145b4e64147.csv,0.0,225x225,26.05925925925926,2026-09-20T15:26:05.130441-03:00,0.5985672573778646,,,
t0_0134,Testing/notumor/Te-no_271.jpg,Training/notumor/Tr-no_1071.jpg,,,,,aparentemente_distintas,inspecao_visual_com_botoes,,pendente,revisao_te_no_271_tr_no_1071_ce50908367aedfd0.csv,180.0,225x225,16.03695802469136,2026-09-20T14:43:02.030292-03:00,,,,
t0_0134,Testing/notumor/Te-no_271.jpg,Training/notumor/Tr-no_1102.jpg,,,,,provavel_duplicata_visual_com_rotacao,inspecao_visual_interativa_padronizada,,pendente,revisao_te_no_271_tr_no_1102_d2ae42d211c5f627.csv,180.0,225x225,4.3554765432098765,2026-09-20T14:29:49-03:00,,,,
t0_0134,Testing/notumor/Te-no_271.jpg,Training/notumor/Tr-no_1124.jpg,,,,,aparentemente_distintas,inspecao_visual_com_botoes,,pendente,revisao_te_no_271_tr_no_1124_ece6c492df4edeb0.csv,180.0,225x225,26.188543209876546,2026-09-20T15:26:15.114886-03:00,0.5873046854074595,,,
t0_0134,Testing/notumor/Te-no_271.jpg,Training/notumor/Tr-no_1138.jpg,,,,,aparentemente_distintas,inspecao_visual_com_botoes,,pendente,revisao_te_no_271_tr_no_1138_5e80e8a3082681da.csv,180.0,225x225,16.317333333333334,2026-09-20T14:43:15.957477-03:00,,,,
t0_0134,Testing/notumor/Te-no_271.jpg,Training/notumor/Tr-no_1252.jpg,,,,,aparentemente_distintas,inspecao_visual_com_botoes,,pendente,revisao_te_no_271_tr_no_1252_68088786b7fdfba8.csv,0.0,225x225,16.256987654320987,2026-09-20T14:43:03.826047-03:00,,,,
t0_0134,Testing/notumor/Te-no_271.jpg,Training/notumor/Tr-no_1257.jpg,,,,,aparentemente_distintas,inspecao_visual_com_botoes,,pendente,revisao_te_no_271_tr_no_1257_d14c546ea66db640.csv,0.0,225x225,26.17163456790124,2026-09-20T15:26:14.696958-03:00,0.5912282740779025,,,
t0_0134,Testing/notumor/Te-no_271.jpg,Training/notumor/Tr-no_203.jpg,,,,,provavel_duplicata_visual,revisao_manual_de_contradicao,,pendente,revisao_te_no_271_tr_no_203_46a8e644732cc21c.csv,180.0,225x225,23.42319012345679,2026-09-20T16:06:31.147185-03:00,0.7699402462537874,,,
t0_0134,Testing/notumor/Te-no_271.jpg,Training/notumor/Tr-no_21.jpg,,,,,aparentemente_distintas,inspecao_visual_com_botoes,,pendente,revisao_te_no_271_tr_no_21_a757943db4ececfa.csv,0.0,225x225,26.1887012345679,2026-09-20T15:26:17.042364-03:00,0.5913300075970302,,,
t0_0134,Testing/notumor/Te-no_271.jpg,Training/notumor/Tr-no_224.jpg,,,,,aparentemente_distintas,inspecao_visual_com_botoes,,pendente,revisao_te_no_271_tr_no_224_91b97756c6adc348.csv,0.0,225x225,26.151545679012347,2026-09-20T15:26:06.348334-03:00,0.593782468809335,,,
t0_0134,Testing/notumor/Te-no_271.jpg,Training/notumor/Tr-no_241.jpg,,,,,provavel_duplicata_visual,inspecao_visual_com_botoes,,pendente,revisao_te_no_271_tr_no_241_8456d8a281e238f8.csv,0.0,225x225,5.597135802469136,2026-09-20T15:32:42.027746-03:00,0.8894095527865313,,,
t0_0134,Testing/notumor/Te-no_271.jpg,Training/notumor/Tr-no_249.jpg,,,,,aparentemente_distintas,inspecao_visual_com_botoes,,pendente,revisao_te_no_271_tr_no_249_c0aa5a660431f79c.csv,0.0,225x225,26.209896296296296,2026-09-20T15:26:18.121347-03:00,0.585278381391436,,,
t0_0134,Testing/notumor/Te-no_271.jpg,Training/notumor/Tr-no_251.jpg,,,,,aparentemente_distintas,inspecao_visual_com_botoes,,pendente,revisao_te_no_271_tr_no_251_99922d8fb8688e1b.csv,0.0,225x225,26.534696296296296,2026-09-20T15:27:14.053690-03:00,0.5868780753303842,,,
t0_0134,Testing/notumor/Te-no_271.jpg,Training/notumor/Tr-no_267.jpg,,,,,provavel_duplicata_visual,inspecao_visual_interativa_padronizada,,pendente,revisao_te_no_271_tr_no_267_f50c902e6767961a.csv,0.0,225x225,4.367664197530864,2026-09-20T14:30:34-03:00,,,,
t0_0134,Testing/notumor/Te-no_271.jpg,Training/notumor/Tr-no_322.jpg,,,,,provavel_duplicata_visual,inspecao_visual_com_botoes,,pendente,revisao_te_no_271_tr_no_322_88014d26413fbfa1.csv,0.0,225x225,23.07899259259259,2026-09-20T14:45:53.386342-03:00,,,,
t0_0134,Testing/notumor/Te-no_271.jpg,Training/notumor/Tr-no_339.jpg,,,,,provavel_duplicata_visual,revisao_manual_de_contradicao,,pendente,revisao_te_no_271_tr_no_339_46f0b19eabb77995.csv,180.0,225x225,23.43284938271605,2026-09-20T16:06:34.848085-03:00,0.7665227769459501,,,
t0_0134,Testing/notumor/Te-no_271.jpg,Training/notumor/Tr-no_46.jpg,,,,,provavel_duplicata_visual_com_rotacao,inspecao_visual_com_botoes,,pendente,revisao_te_no_271_tr_no_46_d4dad63e7c7ce395.csv,180.0,225x225,5.550301234567901,2026-09-20T15:32:48.956145-03:00,0.8900204950989266,,,
t0_0134,Testing/notumor/Te-no_271.jpg,Training/notumor/Tr-no_611.jpg,,,,,provavel_duplicata_visual,inspecao_visual_e_comparacao_de_pixels_rgb,,pendente,revisao_te_no_271_tr_no_611.csv,,,2.2296699420508945,,,True,False,40.0
t0_0134,Testing/notumor/Te-no_271.jpg,Training/notumor/Tr-no_709.jpg,,,,,aparentemente_distintas,revisao_manual_de_contradicao,,pendente,revisao_te_no_271_tr_no_709_ee26446177dca713.csv,0.0,225x225,23.445432098765437,2026-09-20T16:08:18.091464-03:00,0.7672126360113777,,,
t0_0134,Testing/notumor/Te-no_271.jpg,Training/notumor/Tr-no_82.jpg,,,,,aparentemente_distintas,inspecao_visual_com_botoes,,pendente,revisao_te_no_271_tr_no_82_eac3286d96c0c852.csv,0.0,225x225,26.1582024691358,2026-09-20T15:26:12.361631-03:00,0.5937099201831209,,,
t0_0134,Testing/notumor/Te-no_275.jpg,Training/notumor/Tr-no_203.jpg,,,,,provavel_duplicata_visual_com_rotacao,inspecao_visual_da_comparacao_padronizada,Forte correspondencia de contornos e detalhes na orientacao exibida. Par entre treino e teste.,pendente,revisao_te_no_275_tr-no_203.csv,180.0,225x225,,,,,,
t0_0134,Testing/notumor/Te-no_275.jpg,Training/notumor/Tr-no_709.jpg,,,,,provavel_duplicata_visual,inspecao_visual_da_comparacao_padronizada,Forte correspondencia de contornos e detalhes na orientacao exibida. Par entre treino e teste.,pendente,revisao_te_no_275_tr-no_709.csv,0.0,225x225,,,,,,
t0_0134,Testing/notumor/Te-no_275.jpg,Training/notumor/Tr-no_1027.jpg,,,,,aparentemente_distintas,revisao_manual_de_contradicao,,pendente,revisao_te_no_275_tr_no_1027_519bf3ecd8d86222.csv,180.0,225x225,23.34445432098765,2026-09-20T16:09:19.730583-03:00,0.7991588216343369,,,
t0_0134,Testing/notumor/Te-no_275.jpg,Training/notumor/Tr-no_1060.jpg,rotacao_180_graus_em_b,,,,provavel_duplicata_visual_com_rotacao,revisao_manual_de_contradicao,"Forte correspondencia de contornos e detalhes apos rotacao. Par entre treino e teste, com a mesma classe.",pendente,revisao_te_no_275_tr_no_1060.csv,180.0,225x225,2.1148641975308644,2026-09-20T16:05:21.817866-03:00,0.9681263343618968,,,
t0_0134,Testing/notumor/Te-no_275.jpg,Training/notumor/Tr-no_1062.jpg,,,,,aparentemente_distintas,inspecao_visual_com_botoes,,pendente,revisao_te_no_275_tr_no_1062_3cf37f0788b01013.csv,0.0,225x225,9.336197530864196,2026-09-20T15:32:58.011846-03:00,0.7015648991204647,,,
t0_0134,Testing/notumor/Te-no_275.jpg,Training/notumor/Tr-no_1071.jpg,,,,,aparentemente_distintas,inspecao_visual_com_botoes,,pendente,revisao_te_no_275_tr_no_1071_6910a81a2dcb9eac.csv,180.0,225x225,26.212464197530863,2026-09-20T15:26:21.230216-03:00,0.5932659188641759,,,
t0_0134,Testing/notumor/Te-no_275.jpg,Training/notumor/Tr-no_1102.jpg,,,,,provavel_duplicata_visual_com_rotacao,inspecao_visual_com_botoes,,pendente,revisao_te_no_275_tr_no_1102_129ee7a6c987b563.csv,180.0,225x225,23.295743209876544,2026-09-20T14:47:53.285034-03:00,,,,
t0_0134,Testing/notumor/Te-no_275.jpg,Training/notumor/Tr-no_1124.jpg,,,,,aparentemente_distintas,inspecao_visual_com_botoes,,pendente,revisao_te_no_275_tr_no_1124_41d65d86d7ec0f1b.csv,180.0,225x225,9.539041975308642,2026-09-20T14:42:38.878578-03:00,,,,
t0_0134,Testing/notumor/Te-no_275.jpg,Training/notumor/Tr-no_1138.jpg,,,,,aparentemente_distintas,inspecao_visual_com_botoes,,pendente,revisao_te_no_275_tr_no_1138_a5d9ee848cef0e2d.csv,180.0,225x225,26.37815308641976,2026-09-20T15:27:06.601839-03:00,0.5868679672935554,,,
t0_0134,Testing/notumor/Te-no_275.jpg,Training/notumor/Tr-no_1252.jpg,,,,,aparentemente_distintas,inspecao_visual_com_botoes,,pendente,revisao_te_no_275_tr_no_1252_36e29b5ec87249e8.csv,0.0,225x225,26.31986172839506,2026-09-20T15:26:55.064077-03:00,0.5903987444575767,,,
t0_0134,Testing/notumor/Te-no_275.jpg,Training/notumor/Tr-no_1257.jpg,,,,,aparentemente_distintas,inspecao_visual_com_botoes,,pendente,revisao_te_no_275_tr_no_1257_226eb7c4e68dac81.csv,0.0,225x225,9.462241975308642,2026-09-20T14:42:27.566976-03:00,,,,
t0_0134,Testing/notumor/Te-no_275.jpg,Training/notumor/Tr-no_21.jpg,,,,,aparentemente_distintas,inspecao_visual_com_botoes,,pendente,revisao_te_no_275_tr_no_21_379a1db4497a5d61.csv,0.0,225x225,9.476661728395062,2026-09-20T14:42:31.401305-03:00,,,,
t0_0134,Testing/notumor/Te-no_275.jpg,Training/notumor/Tr-no_224.jpg,,,,,aparentemente_distintas,revisao_manual_de_contradicao,,pendente,revisao_te_no_275_tr_no_224_3c8b837f62b850e6.csv,0.0,225x225,9.384276543209875,2026-09-20T15:50:30.202674-03:00,0.7012340974243845,,,
t0_0134,Testing/notumor/Te-no_275.jpg,Training/notumor/Tr-no_241.jpg,,,,,aparentemente_distintas,inspecao_visual_com_botoes,,pendente,revisao_te_no_275_tr_no_241_c5e586dba116150b.csv,0.0,225x225,23.443595061728395,2026-09-20T15:25:06.023558-03:00,0.7861456067008539,,,
t0_0134,Testing/notumor/Te-no_275.jpg,Training/notumor/Tr-no_249.jpg,,,,,aparentemente_distintas,inspecao_visual_com_botoes,,pendente,revisao_te_no_275_tr_no_249_67f6a00fdc6e724e.csv,0.0,225x225,9.607644444444444,2026-09-20T14:42:46.827681-03:00,,,,
t0_0134,Testing/notumor/Te-no_275.jpg,Training/notumor/Tr-no_251.jpg,,,,,aparentemente_distintas,inspecao_visual_com_botoes,,pendente,revisao_te_no_275_tr_no_251_5c3c48a26fea34e8.csv,0.0,225x225,11.241362962962963,2026-09-20T14:42:57.902536-03:00,,,,
t0_0134,Testing/notumor/Te-no_275.jpg,Training/notumor/Tr-no_267.jpg,,,,,provavel_duplicata_visual,inspecao_visual_com_botoes,,pendente,revisao_te_no_275_tr_no_267_c75fea536b2bef36.csv,0.0,225x225,23.23468641975309,2026-09-20T15:33:03.062052-03:00,0.8020934976528521,,,
t0_0134,Testing/notumor/Te-no_275.jpg,Training/notumor/Tr-no_322.jpg,,,,,provavel_duplicata_visual,inspecao_visual_interativa_padronizada,,pendente,revisao_te_no_275_tr_no_322.csv,0.0,225x225,2.990083950617284,2026-09-20T00:51:33-03:00,,,,
t0_0134,Testing/notumor/Te-no_275.jpg,Training/notumor/Tr-no_339.jpg,,,,,provavel_duplicata_visual_com_rotacao,inspecao_visual_da_comparacao_padronizada,Forte correspondencia visual na orientacao exibida. Par entre treino e teste; igualdade de pixels nao confirmada.,pendente,revisao_te_no_275_tr_no_339.csv,180.0,225x225,,,,,,
t0_0134,Testing/notumor/Te-no_275.jpg,Training/notumor/Tr-no_46.jpg,,,,,aparentemente_distintas,inspecao_visual_com_botoes,,pendente,revisao_te_no_275_tr_no_46_84bd1764f9587ac4.csv,180.0,225x225,23.45673086419753,2026-09-20T15:25:18.511192-03:00,0.7857766041825455,,,
t0_0134,Testing/notumor/Te-no_275.jpg,Training/notumor/Tr-no_611.jpg,,,,,aparentemente_distintas,inspecao_visual_com_botoes,,pendente,revisao_te_no_275_tr_no_611_12be00e19e906c0e.csv,0.0,225x225,23.43361975308642,2026-09-20T15:24:57.601619-03:00,0.7698798164336819,,,
t0_0134,Testing/notumor/Te-no_275.jpg,Training/notumor/Tr-no_82.jpg,,,,,aparentemente_distintas,inspecao_visual_com_botoes,,pendente,revisao_te_no_275_tr_no_82_d75b8c6608654a7a.csv,0.0,225x225,9.374617283950617,2026-09-20T15:33:08.439740-03:00,0.7016055828478256,,,
t0_0134,Testing/notumor/Te-no_334.jpg,Training/notumor/Tr-no_1027.jpg,,,,,aparentemente_distintas,inspecao_visual_com_botoes,,pendente,revisao_te_no_334_tr_no_1027_c51225f02052398c.csv,0.0,225x225,16.61605925925926,2026-09-20T14:44:10.241750-03:00,,,,
t0_0134,Testing/notumor/Te-no_334.jpg,Training/notumor/Tr-no_1060.jpg,,,,,aparentemente_distintas,inspecao_visual_com_botoes,,pendente,revisao_te_no_334_tr_no_1060_312db499fb69a780.csv,0.0,225x225,26.38482962962963,2026-09-20T15:27:07.952863-03:00,0.5911635801594509,,,
t0_0134,Testing/notumor/Te-no_334.jpg,Training/notumor/Tr-no_1062.jpg,,,,,provavel_duplicata_visual_com_rotacao,revisao_manual_de_contradicao,,pendente,revisao_te_no_334_tr_no_1062_2db179a84184a331.csv,180.0,225x225,23.580128395061728,2026-09-20T16:04:46.957069-03:00,0.7602479442921458,,,
t0_0134,Testing/notumor/Te-no_334.jpg,Training/notumor/Tr-no_1071.jpg,,,,,provavel_duplicata_visual,inspecao_visual_interativa_padronizada,,pendente,revisao_te_no_334_tr_no_1071_33186c7f2b8c71c7.csv,0.0,225x225,4.418034567901235,2026-09-20T14:31:56-03:00,,,,
t0_0134,Testing/notumor/Te-no_334.jpg,Training/notumor/Tr-no_1102.jpg,,,,,aparentemente_distintas,inspecao_visual_com_botoes,,pendente,revisao_te_no_334_tr_no_1102_bdc9285f7e9af29b.csv,0.0,225x225,16.464316049382717,2026-09-20T14:43:45.605248-03:00,,,,
t0_0134,Testing/notumor/Te-no_334.jpg,Training/notumor/Tr-no_1124.jpg,,,,,provavel_duplicata_visual,inspecao_visual_com_botoes,,pendente,revisao_te_no_334_tr_no_1124_97a16a9988ec04fb.csv,0.0,225x225,23.183545679012347,2026-09-20T14:46:19.921499-03:00,,,,
t0_0134,Testing/notumor/Te-no_334.jpg,Training/notumor/Tr-no_1138.jpg,,,,,provavel_duplicata_visual_com_rotacao,inspecao_visual_com_botoes,,pendente,revisao_te_no_334_tr_no_1138_1705149955b43efe.csv,0.0,225x225,4.689362962962963,2026-09-20T14:38:39.102675-03:00,,,,
t0_0134,Testing/notumor/Te-no_334.jpg,Training/notumor/Tr-no_1252.jpg,,,,,provavel_duplicata_visual_com_rotacao,inspecao_visual_interativa_padronizada,,pendente,revisao_te_no_334_tr_no_1252.csv,180.0,225x225,3.701649382716049,2026-09-20T00:52:53-03:00,,,,
t0_0134,Testing/notumor/Te-no_334.jpg,Training/notumor/Tr-no_1257.jpg,,,,,provavel_duplicata_visual_com_rotacao,revisao_manual_de_contradicao,,pendente,revisao_te_no_334_tr_no_1257_10b94070bd48748d.csv,180.0,225x225,23.42718024691358,2026-09-20T16:04:03.182091-03:00,0.7919019225088297,,,
t0_0134,Testing/notumor/Te-no_334.jpg,Training/notumor/Tr-no_203.jpg,,,,,aparentemente_distintas,inspecao_visual_com_botoes,,pendente,revisao_te_no_334_tr_no_203_1e6c67cc2bfcb993.csv,0.0,225x225,26.3984,2026-09-20T15:27:10.221197-03:00,0.5894180832431454,,,
t0_0134,Testing/notumor/Te-no_334.jpg,Training/notumor/Tr-no_21.jpg,,,,,aparentemente_distintas,inspecao_visual_com_botoes,,pendente,revisao_te_no_334_tr_no_21_a92b29af33de89cb.csv,180.0,225x225,23.49916049382716,2026-09-20T15:25:41.390252-03:00,0.7806822900752786,,,
t0_0134,Testing/notumor/Te-no_334.jpg,Training/notumor/Tr-no_224.jpg,,,,,aparentemente_distintas,inspecao_visual_com_botoes,,pendente,revisao_te_no_334_tr_no_224_98d3c56ca86b8470.csv,180.0,225x225,23.452167901234567,2026-09-20T15:25:16.073047-03:00,0.7868390752734938,,,
t0_0134,Testing/notumor/Te-no_334.jpg,Training/notumor/Tr-no_241.jpg,,,,,aparentemente_distintas,inspecao_visual_com_botoes,,pendente,revisao_te_no_334_tr_no_241_b8ddf34024c621b4.csv,180.0,225x225,16.845451851851852,2026-09-20T14:44:30.666464-03:00,,,,
t0_0134,Testing/notumor/Te-no_334.jpg,Training/notumor/Tr-no_249.jpg,,,,,aparentemente_distintas,inspecao_visual_com_botoes,,pendente,revisao_te_no_334_tr_no_249_3702e284fddbce6f.csv,180.0,225x225,23.396582716049384,2026-09-20T15:24:20.735306-03:00,0.7968110237237233,,,
t0_0134,Testing/notumor/Te-no_334.jpg,Training/notumor/Tr-no_251.jpg,,,,,aparentemente_distintas,inspecao_visual_com_botoes,,pendente,revisao_te_no_334_tr_no_251_0b295e7b4abe5efa.csv,180.0,225x225,22.938883950617285,2026-09-20T15:33:10.524884-03:00,0.7690009855250552,,,
t0_0134,Testing/notumor/Te-no_334.jpg,Training/notumor/Tr-no_267.jpg,,,,,aparentemente_distintas,inspecao_visual_com_botoes,,pendente,revisao_te_no_334_tr_no_267_96ac604d3d88adea.csv,180.0,225x225,16.511308641975308,2026-09-20T14:43:51.286442-03:00,,,,
t0_0134,Testing/notumor/Te-no_334.jpg,Training/notumor/Tr-no_322.jpg,,,,,aparentemente_distintas,inspecao_visual_com_botoes,,pendente,revisao_te_no_334_tr_no_322_bc1cab487d1e3825.csv,180.0,225x225,26.34571851851852,2026-09-20T15:26:59.982133-03:00,0.5884741260646025,,,
t0_0134,Testing/notumor/Te-no_334.jpg,Training/notumor/Tr-no_339.jpg,,,,,aparentemente_distintas,inspecao_visual_com_botoes,,pendente,revisao_te_no_334_tr_no_339_9463564fce37d562.csv,0.0,225x225,26.387555555555554,2026-09-20T15:27:08.694142-03:00,0.5880111611309495,,,
t0_0134,Testing/notumor/Te-no_334.jpg,Training/notumor/Tr-no_46.jpg,,,,,aparentemente_distintas,inspecao_visual_com_botoes,,pendente,revisao_te_no_334_tr_no_46_a3f00b19d2a5ea7a.csv,0.0,225x225,16.80983703703704,2026-09-20T14:44:27.318783-03:00,,,,
t0_0134,Testing/notumor/Te-no_334.jpg,Training/notumor/Tr-no_611.jpg,,,,,aparentemente_distintas,inspecao_visual_com_botoes,,pendente,revisao_te_no_334_tr_no_611_59a93e0b4212c330.csv,180.0,225x225,16.42887901234568,2026-09-20T14:43:38.336814-03:00,,,,
t0_0134,Testing/notumor/Te-no_334.jpg,Training/notumor/Tr-no_709.jpg,,,,,aparentemente_distintas,inspecao_visual_com_botoes,,pendente,revisao_te_no_334_tr_no_709_ffaa84a747b5c84b.csv,180.0,225x225,26.40156049382716,2026-09-20T15:27:10.968823-03:00,0.5869903488250582,,,
t0_0134,Testing/notumor/Te-no_334.jpg,Training/notumor/Tr-no_82.jpg,,,,,aparentemente_distintas,inspecao_visual_com_botoes,,pendente,revisao_te_no_334_tr_no_82_da1c8ba0a2c0c425.csv,180.0,225x225,23.4592987654321,2026-09-20T15:25:21.514837-03:00,0.7865183555830317,,,
t0_0134,Testing/notumor/Te-no_351.jpg,Training/notumor/Tr-no_1027.jpg,,,,,provavel_duplicata_visual_com_rotacao,inspecao_visual_com_botoes,,pendente,revisao_te_no_351_tr_no_1027_040cc6fed0e09a6d.csv,0.0,225x225,4.628385185185185,2026-09-20T14:37:58.988848-03:00,,,,
t0_0134,Testing/notumor/Te-no_351.jpg,Training/notumor/Tr-no_1060.jpg,,,,,aparentemente_distintas,inspecao_visual_com_botoes,,pendente,revisao_te_no_351_tr_no_1060_5bfb5a0b1580aaec.csv,0.0,225x225,23.445728395061728,2026-09-20T15:25:11.816773-03:00,0.783604228117852,,,
t0_0134,Testing/notumor/Te-no_351.jpg,Training/notumor/Tr-no_1062.jpg,,,,,aparentemente_distintas,inspecao_visual_com_botoes,,pendente,revisao_te_no_351_tr_no_1062_805af664dbdfa83c.csv,180.0,225x225,26.29598024691358,2026-09-20T15:26:34.362856-03:00,0.5890792472710888,,,
t0_0134,Testing/notumor/Te-no_351.jpg,Training/notumor/Tr-no_1071.jpg,,,,,aparentemente_distintas,inspecao_visual_com_botoes,,pendente,revisao_te_no_351_tr_no_1071_6224daca58ecd624.csv,0.0,225x225,16.48345679012346,2026-09-20T14:43:47.152931-03:00,,,,
t0_0134,Testing/notumor/Te-no_351.jpg,Training/notumor/Tr-no_1102.jpg,,,,,provavel_duplicata_visual,inspecao_visual_interativa_padronizada,,pendente,revisao_te_no_351_tr_no_1102_c0959a158ef3b8d9.csv,0.0,225x225,4.121204938271605,2026-09-20T14:26:28-03:00,,,,
t0_0134,Testing/notumor/Te-no_351.jpg,Training/notumor/Tr-no_1124.jpg,,,,,aparentemente_distintas,inspecao_visual_com_botoes,,pendente,revisao_te_no_351_tr_no_1124_b704918dc29df88a.csv,0.0,225x225,26.353916049382715,2026-09-20T15:27:01.727364-03:00,0.5863569437243382,,,
t0_0134,Testing/notumor/Te-no_351.jpg,Training/notumor/Tr-no_1138.jpg,,,,,aparentemente_distintas,inspecao_visual_com_botoes,,pendente,revisao_te_no_351_tr_no_1138_55b7a329951bdb4e.csv,0.0,225x225,16.7103012345679,2026-09-20T14:44:18.337774-03:00,,,,
t0_0134,Testing/notumor/Te-no_351.jpg,Training/notumor/Tr-no_1252.jpg,,,,,aparentemente_distintas,inspecao_visual_com_botoes,,pendente,revisao_te_no_351_tr_no_1252_828ea26a4f33e1d1.csv,180.0,225x225,16.702735802469135,2026-09-20T14:44:16.129746-03:00,,,,
t0_0134,Testing/notumor/Te-no_351.jpg,Training/notumor/Tr-no_1257.jpg,,,,,aparentemente_distintas,inspecao_visual_com_botoes,,pendente,revisao_te_no_351_tr_no_1257_c330cf004ca664c9.csv,180.0,225x225,26.35087407407408,2026-09-20T15:27:00.957849-03:00,0.58797305023867,,,
t0_0134,Testing/notumor/Te-no_351.jpg,Training/notumor/Tr-no_203.jpg,,,,,aparentemente_distintas,inspecao_visual_com_botoes,,pendente,revisao_te_no_351_tr_no_203_bbc1785738a148a1.csv,0.0,225x225,23.461866666666666,2026-09-20T15:25:24.683091-03:00,0.7776912811720519,,,
t0_0134,Testing/notumor/Te-no_351.jpg,Training/notumor/Tr-no_21.jpg,,,,,aparentemente_distintas,inspecao_visual_com_botoes,,pendente,revisao_te_no_351_tr_no_21_73c2cc4bafcfad56.csv,180.0,225x225,26.3615012345679,2026-09-20T15:27:02.540590-03:00,0.5887186278066586,,,
t0_0134,Testing/notumor/Te-no_351.jpg,Training/notumor/Tr-no_224.jpg,,,,,aparentemente_distintas,inspecao_visual_com_botoes,,pendente,revisao_te_no_351_tr_no_224_c517feb0f1cbe860.csv,180.0,225x225,26.33276049382716,2026-09-20T15:26:57.118298-03:00,0.5904009233111546,,,
t0_0134,Testing/notumor/Te-no_351.jpg,Training/notumor/Tr-no_241.jpg,,,,,provavel_duplicata_visual_com_rotacao,inspecao_visual_com_botoes,,pendente,revisao_te_no_351_tr_no_241_90401500948091b6.csv,180.0,225x225,5.2590814814814815,2026-09-20T14:40:34.505859-03:00,,,,
t0_0134,Testing/notumor/Te-no_351.jpg,Training/notumor/Tr-no_249.jpg,,,,,aparentemente_distintas,inspecao_visual_com_botoes,,pendente,revisao_te_no_351_tr_no_249_92864e01746aec80.csv,180.0,225x225,26.37037037037037,2026-09-20T15:27:03.451158-03:00,0.5844202485717959,,,
t0_0134,Testing/notumor/Te-no_351.jpg,Training/notumor/Tr-no_251.jpg,,,,,aparentemente_distintas,inspecao_visual_com_botoes,,pendente,revisao_te_no_351_tr_no_251_94d47dc5e0f1a203.csv,180.0,225x225,26.752414814814816,2026-09-20T15:27:16.358823-03:00,0.5776625699800217,,,
t0_0134,Testing/notumor/Te-no_351.jpg,Training/notumor/Tr-no_267.jpg,,,,,provavel_duplicata_visual_com_rotacao,inspecao_visual_interativa_padronizada,,pendente,revisao_te_no_351_tr_no_267_9bce6f34dc34414f.csv,180.0,225x225,4.209797530864198,2026-09-20T14:27:56-03:00,,,,
t0_0134,Testing/notumor/Te-no_351.jpg,Training/notumor/Tr-no_322.jpg,,,,,aparentemente_distintas,inspecao_visual_com_botoes,,pendente,revisao_te_no_351_tr_no_322_56fc619a286d61d0.csv,180.0,225x225,23.52391111111111,2026-09-20T15:25:53.613221-03:00,0.7611556973911797,,,
t0_0134,Testing/notumor/Te-no_351.jpg,Training/notumor/Tr-no_339.jpg,,,,,aparentemente_distintas,inspecao_visual_com_botoes,,pendente,revisao_te_no_351_tr_no_339_da4122fa9c38a709.csv,0.0,225x225,23.380977777777776,2026-09-20T15:23:33.679471-03:00,0.7888754395165113,,,
t0_0134,Testing/notumor/Te-no_351.jpg,Training/notumor/Tr-no_46.jpg,,,,,provavel_duplicata_visual,inspecao_visual_com_botoes,,pendente,revisao_te_no_351_tr_no_46_8ba4b18c9c47aa2c.csv,0.0,225x225,5.111427160493827,2026-09-20T14:39:55.951490-03:00,,,,
t0_0134,Testing/notumor/Te-no_351.jpg,Training/notumor/Tr-no_611.jpg,,,,,provavel_duplicata_visual,inspecao_visual_com_botoes,,pendente,revisao_te_no_351_tr_no_611_2cf98c808a8612de.csv,180.0,225x225,5.336335802469136,2026-09-20T14:41:23.131913-03:00,,,,
t0_0134,Testing/notumor/Te-no_351.jpg,Training/notumor/Tr-no_709.jpg,,,,,aparentemente_distintas,inspecao_visual_com_botoes,,pendente,revisao_te_no_351_tr_no_709_5341373178a42dd0.csv,180.0,225x225,23.484108641975308,2026-09-20T15:25:39.385538-03:00,0.7770169490497639,,,
t0_0134,Testing/notumor/Te-no_351.jpg,Training/notumor/Tr-no_82.jpg,,,,,aparentemente_distintas,inspecao_visual_com_botoes,,pendente,revisao_te_no_351_tr_no_82_44d71616b0c83a6d.csv,180.0,225x225,26.33969382716049,2026-09-20T15:26:57.891195-03:00,0.5902521969505498,,,
t0_0134,Testing/notumor/Te-no_388.jpg,Training/notumor/Tr-no_1027.jpg,,,,,aparentemente_distintas,inspecao_visual_com_botoes,,pendente,revisao_te_no_388_tr_no_1027_8cfc5355012e17d3.csv,180.0,225x225,16.593481481481483,2026-09-20T14:44:00.613042-03:00,,,,
t0_0134,Testing/notumor/Te-no_388.jpg,Training/notumor/Tr-no_1060.jpg,,,,,aparentemente_distintas,inspecao_visual_com_botoes,,pendente,revisao_te_no_388_tr_no_1060_45972e88ca648c63.csv,180.0,225x225,26.30184691358025,2026-09-20T15:26:45.419458-03:00,0.5913268591389844,,,
t0_0134,Testing/notumor/Te-no_388.jpg,Training/notumor/Tr-no_1062.jpg,,,,,aparentemente_distintas,inspecao_visual_com_botoes,,pendente,revisao_te_no_388_tr_no_1062_80ee971e671e67d9.csv,0.0,225x225,23.47371851851852,2026-09-20T15:25:37.187375-03:00,0.7680439701809458,,,
t0_0134,Testing/notumor/Te-no_388.jpg,Training/notumor/Tr-no_1071.jpg,,,,,provavel_duplicata_visual_com_rotacao,inspecao_visual_interativa_padronizada,,pendente,revisao_te_no_388_tr_no_1071_ecb14af95b8fc980.csv,180.0,225x225,4.211397530864198,2026-09-20T14:28:23-03:00,,,,
t0_0134,Testing/notumor/Te-no_388.jpg,Training/notumor/Tr-no_1102.jpg,,,,,aparentemente_distintas,inspecao_visual_com_botoes,,pendente,revisao_te_no_388_tr_no_1102_cd4f5d1cbc549729.csv,180.0,225x225,16.365925925925925,2026-09-20T14:43:28.555234-03:00,,,,
t0_0134,Testing/notumor/Te-no_388.jpg,Training/notumor/Tr-no_1124.jpg,,,,,aparentemente_distintas,inspecao_visual_com_botoes,,pendente,revisao_te_no_388_tr_no_1124_f1687cbbe1787370.csv,180.0,225x225,23.420286419753086,2026-09-20T15:24:37.029723-03:00,0.7846693577889264,,,
t0_0134,Testing/notumor/Te-no_388.jpg,Training/notumor/Tr-no_1138.jpg,,,,,provavel_duplicata_visual_com_rotacao,inspecao_visual_da_comparacao_padronizada,Forte correspondencia visual na orientacao exibida. Par entre treino e teste; igualdade de pixels nao confirmada.,pendente,revisao_te_no_388_tr_no_1138.csv,180.0,225x225,,,,,,
t0_0134,Testing/notumor/Te-no_388.jpg,Training/notumor/Tr-no_1252.jpg,,,,,provavel_duplicata_visual_com_rotacao,inspecao_visual_com_botoes,,pendente,revisao_te_no_388_tr_no_1252_ff02bccb84a8eb11.csv,0.0,225x225,4.561402469135802,2026-09-20T14:37:24.023213-03:00,,,,
t0_0134,Testing/notumor/Te-no_388.jpg,Training/notumor/Tr-no_1257.jpg,,,,,aparentemente_distintas,inspecao_visual_com_botoes,,pendente,revisao_te_no_388_tr_no_1257_38ec172353bcb1e4.csv,0.0,225x225,23.37283950617284,2026-09-20T15:23:22.698467-03:00,0.7907625432868182,,,
t0_0134,Testing/notumor/Te-no_388.jpg,Training/notumor/Tr-no_203.jpg,,,,,aparentemente_distintas,inspecao_visual_com_botoes,,pendente,revisao_te_no_388_tr_no_203_04e94987795da370.csv,180.0,225x225,26.313323456790123,2026-09-20T15:26:52.013250-03:00,0.5885715746695565,,,
t0_0134,Testing/notumor/Te-no_388.jpg,Training/notumor/Tr-no_21.jpg,,,,,provavel_duplicata_visual,inspecao_visual_com_botoes,,pendente,revisao_te_no_388_tr_no_21_57281f678a4a891e.csv,0.0,225x225,23.260444444444445,2026-09-20T15:33:21.722445-03:00,0.8078620903809044,,,
t0_0134,Testing/notumor/Te-no_388.jpg,Training/notumor/Tr-no_224.jpg,,,,,provavel_duplicata_visual,inspecao_visual_com_botoes,,pendente,revisao_te_no_388_tr_no_224_59d57e733c020eff.csv,0.0,225x225,23.303644444444444,2026-09-20T14:48:19.439977-03:00,,,,
t0_0134,Testing/notumor/Te-no_388.jpg,Training/notumor/Tr-no_241.jpg,,,,,aparentemente_distintas,inspecao_visual_com_botoes,,pendente,revisao_te_no_388_tr_no_241_eac2728727f8d91c.csv,0.0,225x225,16.78878024691358,2026-09-20T14:44:24.028300-03:00,,,,
t0_0134,Testing/notumor/Te-no_388.jpg,Training/notumor/Tr-no_249.jpg,,,,,aparentemente_distintas,inspecao_visual_com_botoes,,pendente,revisao_te_no_388_tr_no_249_d137781910ad2508.csv,0.0,225x225,23.452029629629628,2026-09-20T15:25:14.851085-03:00,0.7812766975944475,,,
t0_0134,Testing/notumor/Te-no_388.jpg,Training/notumor/Tr-no_251.jpg,,,,,aparentemente_distintas,inspecao_visual_com_botoes,,pendente,revisao_te_no_388_tr_no_251_c7e44d875b5cd830.csv,0.0,225x225,22.81497283950617,2026-09-20T15:33:25.894336-03:00,0.7783492787848858,,,
t0_0134,Testing/notumor/Te-no_388.jpg,Training/notumor/Tr-no_267.jpg,,,,,aparentemente_distintas,inspecao_visual_com_botoes,,pendente,revisao_te_no_388_tr_no_267_eed88008260a235d.csv,0.0,225x225,16.3183012345679,2026-09-20T14:43:18.095842-03:00,,,,
t0_0134,Testing/notumor/Te-no_388.jpg,Training/notumor/Tr-no_322.jpg,,,,,aparentemente_distintas,inspecao_visual_com_botoes,,pendente,revisao_te_no_388_tr_no_322_dce15082a5f2be08.csv,0.0,225x225,26.254795061728395,2026-09-20T15:26:24.087388-03:00,0.592775678285606,,,
t0_0134,Testing/notumor/Te-no_388.jpg,Training/notumor/Tr-no_339.jpg,,,,,aparentemente_distintas,inspecao_visual_com_botoes,,pendente,revisao_te_no_388_tr_no_339_5daed9f2a1f80255.csv,180.0,225x225,26.309234567901235,2026-09-20T15:26:49.086373-03:00,0.58855073082118,,,
t0_0134,Testing/notumor/Te-no_388.jpg,Training/notumor/Tr-no_46.jpg,,,,,aparentemente_distintas,inspecao_visual_com_botoes,,pendente,revisao_te_no_388_tr_no_46_59936e4fa610aa99.csv,180.0,225x225,16.796582716049382,2026-09-20T14:44:25.338173-03:00,,,,
t0_0134,Testing/notumor/Te-no_388.jpg,Training/notumor/Tr-no_611.jpg,,,,,aparentemente_distintas,inspecao_visual_com_botoes,,pendente,revisao_te_no_388_tr_no_611_795d53c16941fe4c.csv,0.0,225x225,16.270162962962964,2026-09-20T14:43:11.497452-03:00,,,,
t0_0134,Testing/notumor/Te-no_388.jpg,Training/notumor/Tr-no_709.jpg,,,,,aparentemente_distintas,inspecao_visual_com_botoes,,pendente,revisao_te_no_388_tr_no_709_725a2e66fb55e7e2.csv,0.0,225x225,26.295822222222224,2026-09-20T15:26:32.743538-03:00,0.5884379722990721,,,
t0_0134,Testing/notumor/Te-no_388.jpg,Training/notumor/Tr-no_82.jpg,,,,,provavel_duplicata_visual,inspecao_visual_com_botoes,,pendente,revisao_te_no_388_tr_no_82_2f6e3fc2dfc8db85.csv,0.0,225x225,23.312987654320988,2026-09-20T14:48:39.912506-03:00,,,,
